uuid,nesting ratio and bias,maximum cartographic error,average cartographic error,maximum polygon complexity,average polygon complexity
4D721EDD-2FAD-49F4-875C-A0945C9A0471,0.0-0.0,0.3375525783427693,0.09381973361554836,0.22290431831343138,0.09381973361554836
4D721EDD-2FAD-49F4-875C-A0945C9A0471,0.25-0.0,0.3160063343532877,0.10776713479815296,0.20186022751543461,0.10776713479815296
4D721EDD-2FAD-49F4-875C-A0945C9A0471,0.25-0.5,0.4339878486584701,0.12819813194950028,0.40112265354041066,0.12819813194950028
4D721EDD-2FAD-49F4-875C-A0945C9A0471,0.25-1.0,0.3368095424076561,0.10177710920219926,0.22586326774373272,0.10177710920219926
4D721EDD-2FAD-49F4-875C-A0945C9A0471,0.5-0.0,0.490591364556789,0.1375707332645442,0.29633435199307534,0.1375707332645442
4D721EDD-2FAD-49F4-875C-A0945C9A0471,0.5-0.5,0.40564304595861644,0.13688634950304793,0.29024937360540076,0.13688634950304793
4D721EDD-2FAD-49F4-875C-A0945C9A0471,0.5-1.0,0.3966719627235053,0.14436417974513652,0.2981863161185832,0.14436417974513652
3052AEDB-2B8F-4821-A91A-47513BA26DEB,0.0-0.0,0.3201334428465831,0.09975592438601295,0.22160766487268585,0.09975592438601295
3052AEDB-2B8F-4821-A91A-47513BA26DEB,0.25-0.0,0.3984761839390133,0.1054087463830794,0.25590886715175587,0.1054087463830794
3052AEDB-2B8F-4821-A91A-47513BA26DEB,0.25-0.5,0.4151972292923892,0.11774559360852631,0.2524388977269896,0.11774559360852631
3052AEDB-2B8F-4821-A91A-47513BA26DEB,0.25-1.0,0.32990476834112276,0.12691444999953275,0.2942671466227952,0.12691444999953275
3052AEDB-2B8F-4821-A91A-47513BA26DEB,0.5-0.0,0.33117173078135015,0.13229774435893676,0.3240143161239585,0.13229774435893676
3052AEDB-2B8F-4821-A91A-47513BA26DEB,0.5-0.5,0.33599058004733323,0.13119297340769592,0.4029722019585247,0.13119297340769592
3052AEDB-2B8F-4821-A91A-47513BA26DEB,0.5-1.0,0.4536251442040531,0.14122167180826709,0.29263004256683195,0.14122167180826709
B78027F8-1112-454B-BF89-C30F71C6BC55,0.0-0.0,0.38619382605767083,0.10472076521116246,0.2642885576710303,0.10472076521116246
B78027F8-1112-454B-BF89-C30F71C6BC55,0.25-0.0,0.3079295211965205,0.11623274967698548,0.23375494616145376,0.11623274967698548
B78027F8-1112-454B-BF89-C30F71C6BC55,0.25-0.5,0.33692096919694087,0.10665506160657091,0.2836859792682064,0.10665506160657091
B78027F8-1112-454B-BF89-C30F71C6BC55,0.25-1.0,0.302804158425008,0.11330624783614524,0.2702188263043447,0.11330624783614524
B78027F8-1112-454B-BF89-C30F71C6BC55,0.5-0.0,0.4117789634331674,0.13918511268258332,0.4029753104186937,0.13918511268258332
B78027F8-1112-454B-BF89-C30F71C6BC55,0.5-0.5,0.45128226951792255,0.15024811395450235,0.35665435983302696,0.15024811395450235
B78027F8-1112-454B-BF89-C30F71C6BC55,0.5-1.0,0.36046297741430056,0.12388438644927365,0.26865045971264984,0.12388438644927365
CFF4725C-241F-4F0D-8E38-3D45933FB1B6,0.0-0.0,0.3547152594653905,0.08758326983210862,0.21207100615733018,0.08758326983210862
CFF4725C-241F-4F0D-8E38-3D45933FB1B6,0.25-0.0,0.37069373544475465,0.1114945218047884,0.24353174257398558,0.1114945218047884
CFF4725C-241F-4F0D-8E38-3D45933FB1B6,0.25-0.5,0.36893765909200543,0.12519108353583552,0.2595982962274741,0.12519108353583552
CFF4725C-241F-4F0D-8E38-3D45933FB1B6,0.25-1.0,0.4276915828986141,0.11844874810094325,0.22829116685487585,0.11844874810094325
CFF4725C-241F-4F0D-8E38-3D45933FB1B6,0.5-0.0,0.37690177814682024,0.14705528986819918,0.42723055568757806,0.14705528986819918
CFF4725C-241F-4F0D-8E38-3D45933FB1B6,0.5-0.5,0.35897586589336433,0.14100663036809716,0.3805260694925379,0.14100663036809716
CFF4725C-241F-4F0D-8E38-3D45933FB1B6,0.5-1.0,0.45381086452245695,0.14345512269672667,0.30445364613314857,0.14345512269672667
1F171CDF-484F-4AA0-B568-2E8B28EDFAFC,0.0-0.0,0.40548620915005884,0.09765318554636615,0.19481662752605972,0.09765318554636615
1F171CDF-484F-4AA0-B568-2E8B28EDFAFC,0.25-0.0,0.33788338338893165,0.12786790246839008,0.4336813690569978,0.12786790246839008
1F171CDF-484F-4AA0-B568-2E8B28EDFAFC,0.25-0.5,0.264437996274576,0.11924586379390659,0.37561739360869306,0.11924586379390659
1F171CDF-484F-4AA0-B568-2E8B28EDFAFC,0.25-1.0,0.3928962848990211,0.12006276776484069,0.26592381166804324,0.12006276776484069
1F171CDF-484F-4AA0-B568-2E8B28EDFAFC,0.5-0.0,0.37923229469671044,0.12948830984700524,0.3112032045209242,0.12948830984700524
1F171CDF-484F-4AA0-B568-2E8B28EDFAFC,0.5-0.5,0.559446284133026,0.1422917806914148,0.3311604945416078,0.1422917806914148
1F171CDF-484F-4AA0-B568-2E8B28EDFAFC,0.5-1.0,0.23661904315119284,0.12259289733064231,0.31749646875097,0.12259289733064231
3A81A32A-C893-4B1E-AC74-A8FE60E3760A,0.0-0.0,0.2717327298934914,0.09058159389066602,0.20376192838812854,0.09058159389066602
3A81A32A-C893-4B1E-AC74-A8FE60E3760A,0.25-0.0,0.4028513415602272,0.12439404695290442,0.2689558295949663,0.12439404695290442
3A81A32A-C893-4B1E-AC74-A8FE60E3760A,0.25-0.5,0.3542956707973414,0.10941269185005448,0.2404789704761391,0.10941269185005448
3A81A32A-C893-4B1E-AC74-A8FE60E3760A,0.25-1.0,0.4037950175389654,0.09362223035901694,0.31328618151695986,0.09362223035901694
3A81A32A-C893-4B1E-AC74-A8FE60E3760A,0.5-0.0,0.43499307195748227,0.1413143397846838,0.30553472756159705,0.1413143397846838
3A81A32A-C893-4B1E-AC74-A8FE60E3760A,0.5-0.5,0.3098797171860844,0.13234357170007377,0.3435511633140746,0.13234357170007377
3A81A32A-C893-4B1E-AC74-A8FE60E3760A,0.5-1.0,0.42475483434683764,0.11995284690735314,0.41890977979687294,0.11995284690735314
1150B156-3AD6-406A-808B-CCBD3CC5DD1D,0.0-0.0,0.3382862499594878,0.08729445753600926,0.19672235648347453,0.08729445753600926
1150B156-3AD6-406A-808B-CCBD3CC5DD1D,0.25-0.0,0.4395750495260843,0.11986229986833526,0.292963377649985,0.11986229986833526
1150B156-3AD6-406A-808B-CCBD3CC5DD1D,0.25-0.5,0.47983365798601874,0.13472942143283312,0.2678089847442646,0.13472942143283312
1150B156-3AD6-406A-808B-CCBD3CC5DD1D,0.25-1.0,0.48417779849456277,0.1123964595556432,0.31402880734692096,0.1123964595556432
1150B156-3AD6-406A-808B-CCBD3CC5DD1D,0.5-0.0,0.45189016571369955,0.14212853538268977,0.27698746506216404,0.14212853538268977
1150B156-3AD6-406A-808B-CCBD3CC5DD1D,0.5-0.5,0.3588497256832417,0.13141584969890663,0.39581149920770675,0.13141584969890663
1150B156-3AD6-406A-808B-CCBD3CC5DD1D,0.5-1.0,0.34984330994285334,0.12376427717701757,0.2828193759722057,0.12376427717701757
88F1EBAD-5195-4066-986D-8F5C55B30E9F,0.0-0.0,0.393877316244333,0.1086313240763487,0.2596425011745159,0.1086313240763487
88F1EBAD-5195-4066-986D-8F5C55B30E9F,0.25-0.0,0.3517384036630761,0.11225902581772355,0.34050345116358494,0.11225902581772355
88F1EBAD-5195-4066-986D-8F5C55B30E9F,0.25-0.5,0.38743850015945663,0.11357966122451595,0.25353038522713983,0.11357966122451595
88F1EBAD-5195-4066-986D-8F5C55B30E9F,0.25-1.0,0.3582665962143821,0.12832470567577497,0.2934733922567989,0.12832470567577497
88F1EBAD-5195-4066-986D-8F5C55B30E9F,0.5-0.0,0.4884714072755266,0.11812185981783964,0.30222196800952394,0.11812185981783964
88F1EBAD-5195-4066-986D-8F5C55B30E9F,0.5-0.5,0.3619126238580517,0.12743511951146433,0.28575379759524727,0.12743511951146433
88F1EBAD-5195-4066-986D-8F5C55B30E9F,0.5-1.0,0.3177123139604215,0.13277934777503422,0.4018951576922561,0.13277934777503422
6D4B1D8B-7B4C-442C-B41F-2A6EAC4124E1,0.0-0.0,0.40105776957612094,0.08327771323501737,0.1858017539543876,0.08327771323501737
6D4B1D8B-7B4C-442C-B41F-2A6EAC4124E1,0.25-0.0,0.23152120209364413,0.1264255036856342,0.2953315198653568,0.1264255036856342
6D4B1D8B-7B4C-442C-B41F-2A6EAC4124E1,0.25-0.5,0.5421185000918016,0.13054836948665954,0.324296475630128,0.13054836948665954
6D4B1D8B-7B4C-442C-B41F-2A6EAC4124E1,0.25-1.0,0.42779231126673695,0.09388212688685386,0.19776941302930706,0.09388212688685386
6D4B1D8B-7B4C-442C-B41F-2A6EAC4124E1,0.5-0.0,0.46976277860433185,0.13619403847469208,0.36454307996638013,0.13619403847469208
6D4B1D8B-7B4C-442C-B41F-2A6EAC4124E1,0.5-0.5,0.33803080123763657,0.13201087572584785,0.3291871717606887,0.13201087572584785
6D4B1D8B-7B4C-442C-B41F-2A6EAC4124E1,0.5-1.0,0.38596769405469833,0.11625701813207283,0.3179696866001516,0.11625701813207283
0193712D-1640-404A-A12D-D4E5B546EA54,0.0-0.0,0.3099969327238462,0.09872406470304036,0.18038483568990363,0.09872406470304036
0193712D-1640-404A-A12D-D4E5B546EA54,0.25-0.0,0.37727571484828726,0.10634684588894855,0.2568909058886756,0.10634684588894855
0193712D-1640-404A-A12D-D4E5B546EA54,0.25-0.5,0.5091350060070475,0.11311867492407177,0.2923166727982974,0.11311867492407177
0193712D-1640-404A-A12D-D4E5B546EA54,0.25-1.0,0.3475599038584313,0.09780115680195443,0.2766744706686297,0.09780115680195443
0193712D-1640-404A-A12D-D4E5B546EA54,0.5-0.0,0.43093452763739554,0.13246282610549842,0.32000777906056743,0.13246282610549842
0193712D-1640-404A-A12D-D4E5B546EA54,0.5-0.5,0.45161113203124365,0.12916056763192604,0.3707824899861779,0.12916056763192604
0193712D-1640-404A-A12D-D4E5B546EA54,0.5-1.0,0.410373978781569,0.12806567190492538,0.30338465984862206,0.12806567190492538
AE097F3A-14FD-4735-A19B-8FD343CA3346,0.0-0.0,0.326629360403689,0.09477896448794024,0.24343675879100002,0.09477896448794024
AE097F3A-14FD-4735-A19B-8FD343CA3346,0.25-0.0,0.42221563453708116,0.11996121543508205,0.2844118729665944,0.11996121543508205
AE097F3A-14FD-4735-A19B-8FD343CA3346,0.25-0.5,0.32296925588883585,0.13744859328242345,0.347847680017266,0.13744859328242345
AE097F3A-14FD-4735-A19B-8FD343CA3346,0.25-1.0,0.4209334194312625,0.10402087133972328,0.2952582977578424,0.10402087133972328
AE097F3A-14FD-4735-A19B-8FD343CA3346,0.5-0.0,0.5250176713638323,0.12980983215840433,0.31921772164366286,0.12980983215840433
AE097F3A-14FD-4735-A19B-8FD343CA3346,0.5-0.5,0.5417098844702234,0.14974912524773926,0.37155222834442125,0.14974912524773926
AE097F3A-14FD-4735-A19B-8FD343CA3346,0.5-1.0,0.38741946691605766,0.1370808901767345,0.3737909200318027,0.1370808901767345
BA5C1BDF-5737-4AB3-985F-84FF834B8FCB,0.0-0.0,0.3452592488507209,0.0861101325977305,0.14364891389179615,0.0861101325977305
BA5C1BDF-5737-4AB3-985F-84FF834B8FCB,0.25-0.0,0.358039093421678,0.12450701534452946,0.3011816710242912,0.12450701534452946
BA5C1BDF-5737-4AB3-985F-84FF834B8FCB,0.25-0.5,0.3686225512761695,0.12031724667978447,0.29165743485461404,0.12031724667978447
BA5C1BDF-5737-4AB3-985F-84FF834B8FCB,0.25-1.0,0.36259107701277576,0.10817985074887482,0.27600807842625036,0.10817985074887482
BA5C1BDF-5737-4AB3-985F-84FF834B8FCB,0.5-0.0,0.5215320655997396,0.1310318827969297,0.38478992134625306,0.1310318827969297
BA5C1BDF-5737-4AB3-985F-84FF834B8FCB,0.5-0.5,0.46191825957724636,0.13976757479708332,0.30985073746146086,0.13976757479708332
BA5C1BDF-5737-4AB3-985F-84FF834B8FCB,0.5-1.0,0.4639584202299894,0.12795748801532977,0.3018293527735373,0.12795748801532977
2886E716-6F57-4E8A-B53F-7103ACB7161D,0.0-0.0,0.3355059772799113,0.07868668213655504,0.1611787448645397,0.07868668213655504
2886E716-6F57-4E8A-B53F-7103ACB7161D,0.25-0.0,0.3907451154250387,0.11480167370987605,0.25066831527946076,0.11480167370987605
2886E716-6F57-4E8A-B53F-7103ACB7161D,0.25-0.5,0.3884653733340224,0.12476928509475137,0.2423123487155547,0.12476928509475137
2886E716-6F57-4E8A-B53F-7103ACB7161D,0.25-1.0,0.3760909391118476,0.10390694202066096,0.3005391697548111,0.10390694202066096
2886E716-6F57-4E8A-B53F-7103ACB7161D,0.5-0.0,0.3717575845281041,0.12660263221529633,0.31103712864419314,0.12660263221529633
2886E716-6F57-4E8A-B53F-7103ACB7161D,0.5-0.5,0.36284915447806765,0.12722217592645096,0.326160703803289,0.12722217592645096
2886E716-6F57-4E8A-B53F-7103ACB7161D,0.5-1.0,0.493678273675997,0.11975869232173739,0.27538793693747754,0.11975869232173739
DD20AE4C-5A31-4570-8795-DE91A8DE0921,0.0-0.0,0.3671584070282866,0.09115227413442907,0.22103230400792775,0.09115227413442907
DD20AE4C-5A31-4570-8795-DE91A8DE0921,0.25-0.0,0.23930821354795942,0.13169622195072403,0.41594540272073854,0.13169622195072403
DD20AE4C-5A31-4570-8795-DE91A8DE0921,0.25-0.5,0.460735309091286,0.12296405967171799,0.28155263504436967,0.12296405967171799
DD20AE4C-5A31-4570-8795-DE91A8DE0921,0.25-1.0,0.29641721855674147,0.1215769632749072,0.24874645879752208,0.1215769632749072
DD20AE4C-5A31-4570-8795-DE91A8DE0921,0.5-0.0,0.3969757219626901,0.13191554522897883,0.364150841997684,0.13191554522897883
DD20AE4C-5A31-4570-8795-DE91A8DE0921,0.5-0.5,0.3734632800803015,0.13625162720191777,0.36053614618975316,0.13625162720191777
DD20AE4C-5A31-4570-8795-DE91A8DE0921,0.5-1.0,0.3163131300612876,0.12932537648549408,0.3930312306635036,0.12932537648549408
33E80DFD-9C63-476A-8236-0B098791DD4B,0.0-0.0,0.3441143053352052,0.09210156778723723,0.21906677908286892,0.09210156778723723
33E80DFD-9C63-476A-8236-0B098791DD4B,0.25-0.0,0.5248192156947296,0.12195265803868914,0.4384438489880093,0.12195265803868914
33E80DFD-9C63-476A-8236-0B098791DD4B,0.25-0.5,0.3659105525889095,0.10918724762321165,0.31410996677118647,0.10918724762321165
33E80DFD-9C63-476A-8236-0B098791DD4B,0.25-1.0,0.5187030026331991,0.1160790990987365,0.30566331959741744,0.1160790990987365
33E80DFD-9C63-476A-8236-0B098791DD4B,0.5-0.0,0.4485020623055155,0.1648128961551249,0.3433190313714203,0.1648128961551249
33E80DFD-9C63-476A-8236-0B098791DD4B,0.5-0.5,0.3931835781229258,0.12777997954778722,0.28071606836441065,0.12777997954778722
33E80DFD-9C63-476A-8236-0B098791DD4B,0.5-1.0,0.40253343136140995,0.12780167370357923,0.3577521845030056,0.12780167370357923
2C38D3D3-1411-4EAB-B1A1-6FE6CA06E6DD,0.0-0.0,0.4053509208031581,0.10244705081566056,0.19498337675457844,0.10244705081566056
2C38D3D3-1411-4EAB-B1A1-6FE6CA06E6DD,0.25-0.0,0.31897844850409357,0.112668078427836,0.2235496775578966,0.112668078427836
2C38D3D3-1411-4EAB-B1A1-6FE6CA06E6DD,0.25-0.5,0.35016349805252284,0.1344399505892474,0.2755689199455714,0.1344399505892474
2C38D3D3-1411-4EAB-B1A1-6FE6CA06E6DD,0.25-1.0,0.33076109624828803,0.11420594523815955,0.27448898781317155,0.11420594523815955
2C38D3D3-1411-4EAB-B1A1-6FE6CA06E6DD,0.5-0.0,0.4318794751234101,0.13064265601028419,0.32125950327526764,0.13064265601028419
2C38D3D3-1411-4EAB-B1A1-6FE6CA06E6DD,0.5-0.5,0.3569244555227683,0.1229866698104083,0.35619611437642124,0.1229866698104083
2C38D3D3-1411-4EAB-B1A1-6FE6CA06E6DD,0.5-1.0,0.45619509308094275,0.14212877107434954,0.42905259463591716,0.14212877107434954
929FBCAD-3B11-464C-82C3-1FEB4D11ABF9,0.0-0.0,0.32851988792463077,0.0969293429640959,0.25727285227136065,0.0969293429640959
929FBCAD-3B11-464C-82C3-1FEB4D11ABF9,0.25-0.0,0.34846815309703255,0.13551228942744128,0.3394633909043847,0.13551228942744128
929FBCAD-3B11-464C-82C3-1FEB4D11ABF9,0.25-0.5,0.3849747532513035,0.12772490106090367,0.3293191250845835,0.12772490106090367
929FBCAD-3B11-464C-82C3-1FEB4D11ABF9,0.25-1.0,0.37138586753439495,0.11834655989572963,0.2613187940902054,0.11834655989572963
929FBCAD-3B11-464C-82C3-1FEB4D11ABF9,0.5-0.0,0.644981272571134,0.14016434572777958,0.2808117420111873,0.14016434572777958
929FBCAD-3B11-464C-82C3-1FEB4D11ABF9,0.5-0.5,0.4346695834236746,0.129822455147253,0.2859067713248449,0.129822455147253
929FBCAD-3B11-464C-82C3-1FEB4D11ABF9,0.5-1.0,0.2819902267473406,0.12648650844460166,0.31369847382886984,0.12648650844460166
0FB8D70F-0583-4C8A-9708-886CBD0A2C86,0.0-0.0,0.39567725980423074,0.10452473747358246,0.18437997584766233,0.10452473747358246
0FB8D70F-0583-4C8A-9708-886CBD0A2C86,0.25-0.0,0.33373118814066777,0.12187115796741978,0.2961691699206735,0.12187115796741978
0FB8D70F-0583-4C8A-9708-886CBD0A2C86,0.25-0.5,0.291647487090634,0.1113232386625495,0.31357214057802446,0.1113232386625495
0FB8D70F-0583-4C8A-9708-886CBD0A2C86,0.25-1.0,0.4733111949320166,0.11484043371367668,0.2831715317807088,0.11484043371367668
0FB8D70F-0583-4C8A-9708-886CBD0A2C86,0.5-0.0,0.3618766354674672,0.13658746719313763,0.3292287616974313,0.13658746719313763
0FB8D70F-0583-4C8A-9708-886CBD0A2C86,0.5-0.5,0.39373560071908853,0.12870520330738205,0.37400414255734604,0.12870520330738205
0FB8D70F-0583-4C8A-9708-886CBD0A2C86,0.5-1.0,0.29239192068032993,0.1297787977260629,0.29975422750134106,0.1297787977260629
688A5027-C60F-47BA-8ED0-3D5E12DBE1CF,0.0-0.0,0.31855170547729883,0.0982484559817634,0.20415077323559314,0.0982484559817634
688A5027-C60F-47BA-8ED0-3D5E12DBE1CF,0.25-0.0,0.3271807439073147,0.10354445480571137,0.20185661129976262,0.10354445480571137
688A5027-C60F-47BA-8ED0-3D5E12DBE1CF,0.25-0.5,0.2225087430365561,0.10188762958265148,0.24737860073445705,0.10188762958265148
688A5027-C60F-47BA-8ED0-3D5E12DBE1CF,0.25-1.0,0.3004956363620597,0.10998108017507403,0.26180795415881986,0.10998108017507403
688A5027-C60F-47BA-8ED0-3D5E12DBE1CF,0.5-0.0,0.36837740939686037,0.13575204892527964,0.3044828419447396,0.13575204892527964
688A5027-C60F-47BA-8ED0-3D5E12DBE1CF,0.5-0.5,0.42312247573281847,0.1372647851795746,0.3612737445133053,0.1372647851795746
688A5027-C60F-47BA-8ED0-3D5E12DBE1CF,0.5-1.0,0.5389408212790284,0.13612366155171352,0.40565870373546215,0.13612366155171352
BD65FBA0-91F9-45F8-9F53-C7649DB903BC,0.0-0.0,0.372745539873377,0.09149653405804001,0.20370686231159896,0.09149653405804001
BD65FBA0-91F9-45F8-9F53-C7649DB903BC,0.25-0.0,0.3684705058077753,0.11627851193853793,0.22699933748754433,0.11627851193853793
BD65FBA0-91F9-45F8-9F53-C7649DB903BC,0.25-0.5,0.4233920317739848,0.11753998547789539,0.28631205365339674,0.11753998547789539
BD65FBA0-91F9-45F8-9F53-C7649DB903BC,0.25-1.0,0.3253654094155589,0.11458084394308851,0.2792422600100174,0.11458084394308851
BD65FBA0-91F9-45F8-9F53-C7649DB903BC,0.5-0.0,0.4047046895632623,0.1365323136859583,0.403809357173583,0.1365323136859583
BD65FBA0-91F9-45F8-9F53-C7649DB903BC,0.5-0.5,0.4445618666071732,0.12479295421511184,0.32365811495392643,0.12479295421511184
BD65FBA0-91F9-45F8-9F53-C7649DB903BC,0.5-1.0,0.2900517219597629,0.1173683102873617,0.2975498396771791,0.1173683102873617
4C84D073-8E95-4BB3-924D-8AE018CB08EB,0.0-0.0,0.3496524497264967,0.09229888494531124,0.20469003956936768,0.09229888494531124
4C84D073-8E95-4BB3-924D-8AE018CB08EB,0.25-0.0,0.36008294410984576,0.11811207655456471,0.24927037754050627,0.11811207655456471
4C84D073-8E95-4BB3-924D-8AE018CB08EB,0.25-0.5,0.35142529192271416,0.11074131867627172,0.24211061306911197,0.11074131867627172
4C84D073-8E95-4BB3-924D-8AE018CB08EB,0.25-1.0,0.27768434447654194,0.11877303137330822,0.25911997374379914,0.11877303137330822
4C84D073-8E95-4BB3-924D-8AE018CB08EB,0.5-0.0,0.4945320113577612,0.1362576116312286,0.2810765539524964,0.1362576116312286
4C84D073-8E95-4BB3-924D-8AE018CB08EB,0.5-0.5,0.2906757517678495,0.1339343812608092,0.3525447340832736,0.1339343812608092
4C84D073-8E95-4BB3-924D-8AE018CB08EB,0.5-1.0,0.3644637451614195,0.12068724953452213,0.27859373773998086,0.12068724953452213
FCBF54B7-09CA-4474-9904-AAA005AF6544,0.0-0.0,0.36913059086293426,0.09373741489652199,0.1967195066461445,0.09373741489652199
FCBF54B7-09CA-4474-9904-AAA005AF6544,0.25-0.0,0.45622915020401156,0.11886658969038347,0.25720832590901,0.11886658969038347
FCBF54B7-09CA-4474-9904-AAA005AF6544,0.25-0.5,0.3148886112782641,0.12775217252704738,0.27589835551862363,0.12775217252704738
FCBF54B7-09CA-4474-9904-AAA005AF6544,0.25-1.0,0.36531776323035253,0.10810137302807879,0.20227338726207678,0.10810137302807879
FCBF54B7-09CA-4474-9904-AAA005AF6544,0.5-0.0,0.3824280282467053,0.12489125816836091,0.3527618155923794,0.12489125816836091
FCBF54B7-09CA-4474-9904-AAA005AF6544,0.5-0.5,0.42522173322493534,0.12053899861104143,0.24720228787298543,0.12053899861104143
FCBF54B7-09CA-4474-9904-AAA005AF6544,0.5-1.0,0.3231095935266946,0.13023313118888422,0.30461331598098484,0.13023313118888422
C1C05787-D1E3-4734-807C-BFAB45E984A2,0.0-0.0,0.22800264471076181,0.10000796371721087,0.25748397379551013,0.10000796371721087
C1C05787-D1E3-4734-807C-BFAB45E984A2,0.25-0.0,0.32456235196110034,0.12161924892273186,0.2680971054876919,0.12161924892273186
C1C05787-D1E3-4734-807C-BFAB45E984A2,0.25-0.5,0.45274319367610005,0.11868354859854267,0.2966441387216373,0.11868354859854267
C1C05787-D1E3-4734-807C-BFAB45E984A2,0.25-1.0,0.31710924129178886,0.0948049620448691,0.2228247925159319,0.0948049620448691
C1C05787-D1E3-4734-807C-BFAB45E984A2,0.5-0.0,0.4502715249961521,0.12483532484600669,0.3316111547093996,0.12483532484600669
C1C05787-D1E3-4734-807C-BFAB45E984A2,0.5-0.5,0.360328524862127,0.12822962873486873,0.34146989724704424,0.12822962873486873
C1C05787-D1E3-4734-807C-BFAB45E984A2,0.5-1.0,0.2946997340665303,0.12945624502943115,0.3373284417318305,0.12945624502943115
25DA8B31-EB27-4DCB-B297-2BE08EEF72C1,0.0-0.0,0.3022595116146404,0.08970741142515407,0.18725393061358672,0.08970741142515407
25DA8B31-EB27-4DCB-B297-2BE08EEF72C1,0.25-0.0,0.5040315803590434,0.12237879880188773,0.30119111075656524,0.12237879880188773
25DA8B31-EB27-4DCB-B297-2BE08EEF72C1,0.25-0.5,0.33736811038438974,0.11849984213061135,0.27029493040409786,0.11849984213061135
25DA8B31-EB27-4DCB-B297-2BE08EEF72C1,0.25-1.0,0.3374612870705358,0.12323509347014959,0.29051569138882294,0.12323509347014959
25DA8B31-EB27-4DCB-B297-2BE08EEF72C1,0.5-0.0,0.3989103020508695,0.13580948218196945,0.2900739299481344,0.13580948218196945
25DA8B31-EB27-4DCB-B297-2BE08EEF72C1,0.5-0.5,0.28419473582221766,0.12942888262865734,0.28163794899291394,0.12942888262865734
25DA8B31-EB27-4DCB-B297-2BE08EEF72C1,0.5-1.0,0.28447038511925227,0.12703162659984085,0.37260802056175396,0.12703162659984085
5DC110BD-9E5E-4EF2-907F-A4DB678D6F21,0.0-0.0,0.4632003770440982,0.09965634023328462,0.18998525909124456,0.09965634023328462
5DC110BD-9E5E-4EF2-907F-A4DB678D6F21,0.25-0.0,0.4020412614041893,0.11253163373164136,0.2581940885241805,0.11253163373164136
5DC110BD-9E5E-4EF2-907F-A4DB678D6F21,0.25-0.5,0.41962098823243876,0.10645039722524371,0.35927934416108764,0.10645039722524371
5DC110BD-9E5E-4EF2-907F-A4DB678D6F21,0.25-1.0,0.32506008515283613,0.11904722570308429,0.30333090517296835,0.11904722570308429
5DC110BD-9E5E-4EF2-907F-A4DB678D6F21,0.5-0.0,0.3637080198718923,0.14328957221357855,0.36108193568749675,0.14328957221357855
5DC110BD-9E5E-4EF2-907F-A4DB678D6F21,0.5-0.5,0.313150238113798,0.12299849262151409,0.2734272369873211,0.12299849262151409
5DC110BD-9E5E-4EF2-907F-A4DB678D6F21,0.5-1.0,0.3492080541645672,0.11910984003278188,0.30250818065557084,0.11910984003278188
C93C6541-BAB5-42DE-9AA3-62F7A0055BCD,0.0-0.0,0.3808759773596056,0.10606547830909015,0.24774236033820923,0.10606547830909015
C93C6541-BAB5-42DE-9AA3-62F7A0055BCD,0.25-0.0,0.3568228914455535,0.12186368212028699,0.30579349478719065,0.12186368212028699
C93C6541-BAB5-42DE-9AA3-62F7A0055BCD,0.25-0.5,0.6260241876240428,0.13121779906985365,0.2417998265323556,0.13121779906985365
C93C6541-BAB5-42DE-9AA3-62F7A0055BCD,0.25-1.0,0.29105862836356633,0.12233833335866333,0.3171191027602138,0.12233833335866333
C93C6541-BAB5-42DE-9AA3-62F7A0055BCD,0.5-0.0,0.45688944124694936,0.12253123942797446,0.33133625996340965,0.12253123942797446
C93C6541-BAB5-42DE-9AA3-62F7A0055BCD,0.5-0.5,0.4190273726437979,0.12699996234985894,0.3871668649957464,0.12699996234985894
C93C6541-BAB5-42DE-9AA3-62F7A0055BCD,0.5-1.0,0.40488928273093755,0.12712414962856103,0.3034275716084241,0.12712414962856103
2E53CBA1-5B2A-407B-9240-BB186CD48E7B,0.0-0.0,0.34877064267058333,0.08809241294261513,0.16443841768016726,0.08809241294261513
2E53CBA1-5B2A-407B-9240-BB186CD48E7B,0.25-0.0,0.42044962610909625,0.10634587843652898,0.3279050410678779,0.10634587843652898
2E53CBA1-5B2A-407B-9240-BB186CD48E7B,0.25-0.5,0.4169180675733483,0.12151100738390379,0.24166622084263184,0.12151100738390379
2E53CBA1-5B2A-407B-9240-BB186CD48E7B,0.25-1.0,0.4104372231376126,0.10677544459225707,0.22432490133769692,0.10677544459225707
2E53CBA1-5B2A-407B-9240-BB186CD48E7B,0.5-0.0,0.4970529401212064,0.14022340909508668,0.35318669503647615,0.14022340909508668
2E53CBA1-5B2A-407B-9240-BB186CD48E7B,0.5-0.5,0.45584619957367817,0.12674691982841604,0.3803675163548119,0.12674691982841604
2E53CBA1-5B2A-407B-9240-BB186CD48E7B,0.5-1.0,0.3235784937454527,0.13202701615829357,0.3358201720596107,0.13202701615829357
D3540F81-5976-4DCE-A5FE-A519347B6933,0.0-0.0,0.4068953149067546,0.08807774121296444,0.17856635958946093,0.08807774121296444
D3540F81-5976-4DCE-A5FE-A519347B6933,0.25-0.0,0.4634689294771292,0.11744454718293647,0.3233613926735509,0.11744454718293647
D3540F81-5976-4DCE-A5FE-A519347B6933,0.25-0.5,0.29169628941979014,0.10002222359457684,0.2594655568145605,0.10002222359457684
D3540F81-5976-4DCE-A5FE-A519347B6933,0.25-1.0,0.47873564709083666,0.12014955281803766,0.2499705138325352,0.12014955281803766
D3540F81-5976-4DCE-A5FE-A519347B6933,0.5-0.0,0.4624195092880112,0.13600448734061857,0.3885442018636389,0.13600448734061857
D3540F81-5976-4DCE-A5FE-A519347B6933,0.5-0.5,0.3259426189419108,0.13562573075717863,0.3535113159736297,0.13562573075717863
D3540F81-5976-4DCE-A5FE-A519347B6933,0.5-1.0,0.350661444963113,0.12063660880434729,0.29311172691532245,0.12063660880434729
A8DA2486-AF5A-4D19-8D7E-A9BB169BE4C3,0.0-0.0,0.3650960350070332,0.10117777445185393,0.20966307823252295,0.10117777445185393
A8DA2486-AF5A-4D19-8D7E-A9BB169BE4C3,0.25-0.0,0.3681941022178664,0.11501725611415348,0.2628154125449411,0.11501725611415348
A8DA2486-AF5A-4D19-8D7E-A9BB169BE4C3,0.25-0.5,0.3484056433056634,0.12483460296900459,0.2988725436592069,0.12483460296900459
A8DA2486-AF5A-4D19-8D7E-A9BB169BE4C3,0.25-1.0,0.3290224590006896,0.11724939055038201,0.34738669383523,0.11724939055038201
A8DA2486-AF5A-4D19-8D7E-A9BB169BE4C3,0.5-0.0,0.4020586700841033,0.13244630813333533,0.3576417586534267,0.13244630813333533
A8DA2486-AF5A-4D19-8D7E-A9BB169BE4C3,0.5-0.5,0.5225678751001473,0.13674586255253285,0.4002747012424807,0.13674586255253285
A8DA2486-AF5A-4D19-8D7E-A9BB169BE4C3,0.5-1.0,0.34366566898992723,0.12209492872214597,0.2989869737648139,0.12209492872214597
8EA9AE03-E00B-453E-A3E1-DCF6994E816F,0.0-0.0,0.3636816495617724,0.10379110024737251,0.26363500893120234,0.10379110024737251
8EA9AE03-E00B-453E-A3E1-DCF6994E816F,0.25-0.0,0.4614819175437147,0.12586995017288397,0.29659306896023696,0.12586995017288397
8EA9AE03-E00B-453E-A3E1-DCF6994E816F,0.25-0.5,0.3745340762507978,0.1154146041547451,0.27199801467077905,0.1154146041547451
8EA9AE03-E00B-453E-A3E1-DCF6994E816F,0.25-1.0,0.44057193670146066,0.11420770381473204,0.24726839292480063,0.11420770381473204
8EA9AE03-E00B-453E-A3E1-DCF6994E816F,0.5-0.0,0.42278028924046396,0.1335022885554214,0.3765546845715143,0.1335022885554214
8EA9AE03-E00B-453E-A3E1-DCF6994E816F,0.5-0.5,0.4140976032546873,0.13926061596108386,0.35814709582206883,0.13926061596108386
8EA9AE03-E00B-453E-A3E1-DCF6994E816F,0.5-1.0,0.37200807135141606,0.1091669466071694,0.2900452916711297,0.1091669466071694
1DC5B498-B4DB-4C02-9254-C5A6F15C6935,0.0-0.0,0.4577704692567144,0.09943211572562889,0.2382775044719304,0.09943211572562889
1DC5B498-B4DB-4C02-9254-C5A6F15C6935,0.25-0.0,0.3625396954805286,0.12639369757619043,0.2627077566841804,0.12639369757619043
1DC5B498-B4DB-4C02-9254-C5A6F15C6935,0.25-0.5,0.35445403342206555,0.10743425897709301,0.24194435071198617,0.10743425897709301
1DC5B498-B4DB-4C02-9254-C5A6F15C6935,0.25-1.0,0.32477292261103946,0.09996611742205574,0.23524770048248378,0.09996611742205574
1DC5B498-B4DB-4C02-9254-C5A6F15C6935,0.5-0.0,0.34073019943719873,0.1309360747415613,0.2946965951892765,0.1309360747415613
1DC5B498-B4DB-4C02-9254-C5A6F15C6935,0.5-0.5,0.33653943545402387,0.14377590606096083,0.4348197366725762,0.14377590606096083
1DC5B498-B4DB-4C02-9254-C5A6F15C6935,0.5-1.0,0.36129338579555614,0.1304477820449458,0.3030230495429713,0.1304477820449458
E61AE0B0-5397-480D-869C-B4F4913C6FB3,0.0-0.0,0.3028707269293326,0.10919821878855937,0.23016874578663266,0.10919821878855937
E61AE0B0-5397-480D-869C-B4F4913C6FB3,0.25-0.0,0.3805809058276226,0.11713798496103155,0.2656740280117278,0.11713798496103155
E61AE0B0-5397-480D-869C-B4F4913C6FB3,0.25-0.5,0.4954126457785869,0.12137621473535382,0.22737499680621692,0.12137621473535382
E61AE0B0-5397-480D-869C-B4F4913C6FB3,0.25-1.0,0.4261043608023585,0.11947624802322189,0.24278653380226736,0.11947624802322189
E61AE0B0-5397-480D-869C-B4F4913C6FB3,0.5-0.0,0.4225447315009281,0.13069753917721094,0.37213586789606234,0.13069753917721094
E61AE0B0-5397-480D-869C-B4F4913C6FB3,0.5-0.5,0.3931678646584844,0.14521278131678572,0.39744385141861993,0.14521278131678572
E61AE0B0-5397-480D-869C-B4F4913C6FB3,0.5-1.0,0.37109380267189757,0.13494760180778884,0.37441044904946597,0.13494760180778884
BBE460B8-7C6C-42C9-9000-99A904F85535,0.0-0.0,0.28011789835378553,0.09649065699664626,0.2137866473112611,0.09649065699664626
BBE460B8-7C6C-42C9-9000-99A904F85535,0.25-0.0,0.3063349369374791,0.12292364454226778,0.2823877868303304,0.12292364454226778
BBE460B8-7C6C-42C9-9000-99A904F85535,0.25-0.5,0.3585372182626143,0.13228682557559435,0.3148932472858328,0.13228682557559435
BBE460B8-7C6C-42C9-9000-99A904F85535,0.25-1.0,0.36651691303276546,0.10460164156591667,0.3193555240723147,0.10460164156591667
BBE460B8-7C6C-42C9-9000-99A904F85535,0.5-0.0,0.29789619519010524,0.13790994114899144,0.3517463763084495,0.13790994114899144
BBE460B8-7C6C-42C9-9000-99A904F85535,0.5-0.5,0.46582365689285715,0.1417151015299571,0.41025614976963737,0.1417151015299571
BBE460B8-7C6C-42C9-9000-99A904F85535,0.5-1.0,0.4116121765699374,0.12402644613886797,0.26354330701891326,0.12402644613886797
9D6583F4-4069-4D81-BAA6-17C259EF5759,0.0-0.0,0.2658133943202624,0.10208633633561183,0.24696367528233693,0.10208633633561183
9D6583F4-4069-4D81-BAA6-17C259EF5759,0.25-0.0,0.3531790299425138,0.11123130090944329,0.2647754815125855,0.11123130090944329
9D6583F4-4069-4D81-BAA6-17C259EF5759,0.25-0.5,0.3526982103159952,0.11135686907748499,0.32285276167745736,0.11135686907748499
9D6583F4-4069-4D81-BAA6-17C259EF5759,0.25-1.0,0.3545449699867169,0.10167139088941884,0.28902998378038086,0.10167139088941884
9D6583F4-4069-4D81-BAA6-17C259EF5759,0.5-0.0,0.32633156325743395,0.13045658831498771,0.32555210840792476,0.13045658831498771
9D6583F4-4069-4D81-BAA6-17C259EF5759,0.5-0.5,0.3015471816328153,0.13346460032786595,0.35112341590292506,0.13346460032786595
9D6583F4-4069-4D81-BAA6-17C259EF5759,0.5-1.0,0.31193404584716683,0.1300043602315123,0.3389141710241303,0.1300043602315123
96224CCE-8232-4CB3-8238-7B2047277C71,0.0-0.0,0.3060280245636362,0.07183100990830257,0.17820569760912278,0.07183100990830257
96224CCE-8232-4CB3-8238-7B2047277C71,0.25-0.0,0.4311446759763912,0.11777590564428225,0.3116327088221852,0.11777590564428225
96224CCE-8232-4CB3-8238-7B2047277C71,0.25-0.5,0.31039929468686767,0.10098787971640746,0.21704753301541022,0.10098787971640746
96224CCE-8232-4CB3-8238-7B2047277C71,0.25-1.0,0.3449396537081817,0.11188487617024978,0.27342168829345764,0.11188487617024978
96224CCE-8232-4CB3-8238-7B2047277C71,0.5-0.0,0.5215006706499066,0.1350240544677615,0.37909423934393816,0.1350240544677615
96224CCE-8232-4CB3-8238-7B2047277C71,0.5-0.5,0.3407976561620996,0.13352699713493682,0.33336866282628386,0.13352699713493682
96224CCE-8232-4CB3-8238-7B2047277C71,0.5-1.0,0.47202612806281646,0.13723794022881866,0.29896785426620925,0.13723794022881866
A0F99AED-1D50-47D5-A857-4DEE3A922B9E,0.0-0.0,0.3120077321353641,0.09628615282138796,0.21049071405961733,0.09628615282138796
A0F99AED-1D50-47D5-A857-4DEE3A922B9E,0.25-0.0,0.4021638503788988,0.11913839790040871,0.2923073709722782,0.11913839790040871
A0F99AED-1D50-47D5-A857-4DEE3A922B9E,0.25-0.5,0.44774901476374807,0.09411086325979406,0.17793321506794427,0.09411086325979406
A0F99AED-1D50-47D5-A857-4DEE3A922B9E,0.25-1.0,0.4324184542648401,0.1064954987433268,0.23005824916107764,0.1064954987433268
A0F99AED-1D50-47D5-A857-4DEE3A922B9E,0.5-0.0,0.3469709024187699,0.12307617939921661,0.2847133172530096,0.12307617939921661
A0F99AED-1D50-47D5-A857-4DEE3A922B9E,0.5-0.5,0.30251987248254075,0.13637511585596185,0.32300321542003585,0.13637511585596185
A0F99AED-1D50-47D5-A857-4DEE3A922B9E,0.5-1.0,0.30993349391299796,0.11914763902805978,0.3104995721480921,0.11914763902805978
8AA9CCFA-5409-49FE-881D-3616F4AD182E,0.0-0.0,0.3073450931063905,0.10129586043336966,0.3255277013205252,0.10129586043336966
8AA9CCFA-5409-49FE-881D-3616F4AD182E,0.25-0.0,0.3577218152084393,0.1158268348515872,0.2795793297273715,0.1158268348515872
8AA9CCFA-5409-49FE-881D-3616F4AD182E,0.25-0.5,0.372939574320819,0.1204522263760138,0.24763424990399474,0.1204522263760138
8AA9CCFA-5409-49FE-881D-3616F4AD182E,0.25-1.0,0.3197860823945954,0.09984143422656089,0.2671000388529506,0.09984143422656089
8AA9CCFA-5409-49FE-881D-3616F4AD182E,0.5-0.0,0.2999307895948361,0.13572020124728307,0.36595109076429266,0.13572020124728307
8AA9CCFA-5409-49FE-881D-3616F4AD182E,0.5-0.5,0.2777650909716544,0.13843044008885863,0.3686833127449708,0.13843044008885863
8AA9CCFA-5409-49FE-881D-3616F4AD182E,0.5-1.0,0.305368132111184,0.1230296849983468,0.29589362123340673,0.1230296849983468
23597F7E-0DDB-4832-9E43-B693655D2B89,0.0-0.0,0.32160501571202266,0.10344699651031089,0.2325202652126862,0.10344699651031089
23597F7E-0DDB-4832-9E43-B693655D2B89,0.25-0.0,0.38674082614478866,0.12433568493317587,0.31376977740202816,0.12433568493317587
23597F7E-0DDB-4832-9E43-B693655D2B89,0.25-0.5,0.37668380427910303,0.12432716725637477,0.2586244759230387,0.12432716725637477
23597F7E-0DDB-4832-9E43-B693655D2B89,0.25-1.0,0.34840908974704893,0.12076640896304909,0.2295036399289937,0.12076640896304909
23597F7E-0DDB-4832-9E43-B693655D2B89,0.5-0.0,0.4110481916768145,0.12507040632637564,0.37987344984793947,0.12507040632637564
23597F7E-0DDB-4832-9E43-B693655D2B89,0.5-0.5,0.4998878427084703,0.1336297618725851,0.3671242803950131,0.1336297618725851
23597F7E-0DDB-4832-9E43-B693655D2B89,0.5-1.0,0.4635180401958074,0.12592345466524985,0.3158515643333816,0.12592345466524985
7DCE324B-A498-4EF6-BD28-9DC4B1675BE1,0.0-0.0,0.3517657769281391,0.09146347073284163,0.21481510326610942,0.09146347073284163
7DCE324B-A498-4EF6-BD28-9DC4B1675BE1,0.25-0.0,0.35048908949696617,0.12110304106221349,0.27036947114020327,0.12110304106221349
7DCE324B-A498-4EF6-BD28-9DC4B1675BE1,0.25-0.5,0.3799640189258444,0.12455463593377587,0.26616730283206,0.12455463593377587
7DCE324B-A498-4EF6-BD28-9DC4B1675BE1,0.25-1.0,0.25780209919939767,0.1072745231345284,0.22724134036102683,0.1072745231345284
7DCE324B-A498-4EF6-BD28-9DC4B1675BE1,0.5-0.0,0.36271376340781136,0.13364707154302857,0.3211688731766711,0.13364707154302857
7DCE324B-A498-4EF6-BD28-9DC4B1675BE1,0.5-0.5,0.35220703010499915,0.12273448478750759,0.30953726103184176,0.12273448478750759
7DCE324B-A498-4EF6-BD28-9DC4B1675BE1,0.5-1.0,0.26801091920071435,0.12222767216940199,0.35993696869894803,0.12222767216940199
224E989D-6283-49B7-BB40-371258CA926A,0.0-0.0,0.3381861180144017,0.09044059167358032,0.16319356066641336,0.09044059167358032
224E989D-6283-49B7-BB40-371258CA926A,0.25-0.0,0.45185062479681093,0.11331328714882007,0.3062224262471601,0.11331328714882007
224E989D-6283-49B7-BB40-371258CA926A,0.25-0.5,0.35102364611644055,0.10863344722160166,0.25715263693612117,0.10863344722160166
224E989D-6283-49B7-BB40-371258CA926A,0.25-1.0,0.4034734375872551,0.1189899172270853,0.28894798000490485,0.1189899172270853
224E989D-6283-49B7-BB40-371258CA926A,0.5-0.0,0.5015313492668073,0.1331766698308474,0.32029819310335883,0.1331766698308474
224E989D-6283-49B7-BB40-371258CA926A,0.5-0.5,0.5569721730843656,0.13750701953802438,0.32012951863183864,0.13750701953802438
224E989D-6283-49B7-BB40-371258CA926A,0.5-1.0,0.39784118371968646,0.12846887701296766,0.3506910019009237,0.12846887701296766
AAC55A88-9E88-47D2-AF57-2D1EB4C18868,0.0-0.0,0.3640344343476842,0.09693406338691936,0.26413566288491563,0.09693406338691936
AAC55A88-9E88-47D2-AF57-2D1EB4C18868,0.25-0.0,0.42255044403592684,0.11781987339453806,0.2909102066428195,0.11781987339453806
AAC55A88-9E88-47D2-AF57-2D1EB4C18868,0.25-0.5,0.4187398553558204,0.1008068008651322,0.2815956033050888,0.1008068008651322
AAC55A88-9E88-47D2-AF57-2D1EB4C18868,0.25-1.0,0.38275187796793975,0.10438223888386311,0.2745308700712754,0.10438223888386311
AAC55A88-9E88-47D2-AF57-2D1EB4C18868,0.5-0.0,0.5067706934314212,0.1319531736349103,0.3573382073044517,0.1319531736349103
AAC55A88-9E88-47D2-AF57-2D1EB4C18868,0.5-0.5,0.27285511301278736,0.12688709464168194,0.32307993819326086,0.12688709464168194
AAC55A88-9E88-47D2-AF57-2D1EB4C18868,0.5-1.0,0.3177183127442087,0.1351872456287236,0.34928415351740505,0.1351872456287236
8BA49448-6387-4560-97DD-75ED6456D348,0.0-0.0,0.3510391804449812,0.09306409859436268,0.21636168847273485,0.09306409859436268
8BA49448-6387-4560-97DD-75ED6456D348,0.25-0.0,0.34054310736937043,0.09836845696927908,0.2313488380392152,0.09836845696927908
8BA49448-6387-4560-97DD-75ED6456D348,0.25-0.5,0.23873257490951474,0.12034895261499114,0.2675162819614624,0.12034895261499114
8BA49448-6387-4560-97DD-75ED6456D348,0.25-1.0,0.38797588102031244,0.11725693502666878,0.3010777121674124,0.11725693502666878
8BA49448-6387-4560-97DD-75ED6456D348,0.5-0.0,0.58820166180456,0.14141994723986775,0.4363507517851441,0.14141994723986775
8BA49448-6387-4560-97DD-75ED6456D348,0.5-0.5,0.2849839801838594,0.1288575654011031,0.3152883241099925,0.1288575654011031
8BA49448-6387-4560-97DD-75ED6456D348,0.5-1.0,0.2985598454358148,0.11423713652597475,0.241573564873808,0.11423713652597475
E7C0FE87-E645-4454-AAF1-B23D68DF55D4,0.0-0.0,0.3064035422420024,0.09276486557325868,0.2218925728340539,0.09276486557325868
E7C0FE87-E645-4454-AAF1-B23D68DF55D4,0.25-0.0,0.42470674039908257,0.11893756143025447,0.2568462888268186,0.11893756143025447
E7C0FE87-E645-4454-AAF1-B23D68DF55D4,0.25-0.5,0.3635464049924994,0.09938556668210557,0.2284383428114162,0.09938556668210557
E7C0FE87-E645-4454-AAF1-B23D68DF55D4,0.25-1.0,0.4990674652499771,0.11694801724273494,0.2217658050562466,0.11694801724273494
E7C0FE87-E645-4454-AAF1-B23D68DF55D4,0.5-0.0,0.3728620965637548,0.12982151293868005,0.33253531675141706,0.12982151293868005
E7C0FE87-E645-4454-AAF1-B23D68DF55D4,0.5-0.5,0.4490779959358052,0.15053229757530465,0.4059473499683706,0.15053229757530465
E7C0FE87-E645-4454-AAF1-B23D68DF55D4,0.5-1.0,0.4234789521968252,0.12587336648606326,0.3473905864402435,0.12587336648606326
75595E61-6AEE-43BC-9443-072F7FA436B4,0.0-0.0,0.40702911908622497,0.09960039112778102,0.2503339951626779,0.09960039112778102
75595E61-6AEE-43BC-9443-072F7FA436B4,0.25-0.0,0.5025543447674291,0.12026363995775337,0.2942432169396202,0.12026363995775337
75595E61-6AEE-43BC-9443-072F7FA436B4,0.25-0.5,0.49440688799995025,0.13039500011549007,0.30510910652148804,0.13039500011549007
75595E61-6AEE-43BC-9443-072F7FA436B4,0.25-1.0,0.5292043278580056,0.11819909545225984,0.26666726886619146,0.11819909545225984
75595E61-6AEE-43BC-9443-072F7FA436B4,0.5-0.0,0.41584457228733257,0.13032217658636874,0.3190416093523656,0.13032217658636874
75595E61-6AEE-43BC-9443-072F7FA436B4,0.5-0.5,0.35718186321174333,0.12806883192295637,0.35961819966557845,0.12806883192295637
75595E61-6AEE-43BC-9443-072F7FA436B4,0.5-1.0,0.38976256139123117,0.1217381527944834,0.36193351500423737,0.1217381527944834
6AB444FF-067F-47AA-9914-A67CA3517E92,0.0-0.0,0.3398531709529046,0.09088557039749545,0.14472219553468677,0.09088557039749545
6AB444FF-067F-47AA-9914-A67CA3517E92,0.25-0.0,0.35333767720076426,0.11737211426528553,0.34192564505882683,0.11737211426528553
6AB444FF-067F-47AA-9914-A67CA3517E92,0.25-0.5,0.41993572538620566,0.11265628045078536,0.30650432534990757,0.11265628045078536
6AB444FF-067F-47AA-9914-A67CA3517E92,0.25-1.0,0.3178892361738598,0.11404563505008311,0.28264297213443196,0.11404563505008311
6AB444FF-067F-47AA-9914-A67CA3517E92,0.5-0.0,0.3147908135985206,0.13618644198491478,0.31576156034601444,0.13618644198491478
6AB444FF-067F-47AA-9914-A67CA3517E92,0.5-0.5,0.3823643010188682,0.1344547732236559,0.3372601608989805,0.1344547732236559
6AB444FF-067F-47AA-9914-A67CA3517E92,0.5-1.0,0.32994586730105124,0.12251147479444076,0.34483556786761915,0.12251147479444076
D025E3BB-19E4-4DC8-9186-6A256A1E99DD,0.0-0.0,0.34949718526346557,0.11373649925763522,0.29267904440534936,0.11373649925763522
D025E3BB-19E4-4DC8-9186-6A256A1E99DD,0.25-0.0,0.3784752744471985,0.11242401287493925,0.3692689208440225,0.11242401287493925
D025E3BB-19E4-4DC8-9186-6A256A1E99DD,0.25-0.5,0.5268139661908192,0.12203597516483004,0.2583013429914252,0.12203597516483004
D025E3BB-19E4-4DC8-9186-6A256A1E99DD,0.25-1.0,0.40373868488938075,0.12358834472642194,0.2512547879962641,0.12358834472642194
D025E3BB-19E4-4DC8-9186-6A256A1E99DD,0.5-0.0,0.4388968209326946,0.13499682138618552,0.28891231899555625,0.13499682138618552
D025E3BB-19E4-4DC8-9186-6A256A1E99DD,0.5-0.5,0.37720987196081257,0.126179063900949,0.3432469266644732,0.126179063900949
D025E3BB-19E4-4DC8-9186-6A256A1E99DD,0.5-1.0,0.37217079686986476,0.12892748483160574,0.3131521859319545,0.12892748483160574
F01518ED-BE50-4AE9-A0CE-04FC4543FAAA,0.0-0.0,0.2945054530512745,0.09243334149713368,0.1963353719304796,0.09243334149713368
F01518ED-BE50-4AE9-A0CE-04FC4543FAAA,0.25-0.0,0.3525657551574611,0.10723247409023857,0.232101154731006,0.10723247409023857
F01518ED-BE50-4AE9-A0CE-04FC4543FAAA,0.25-0.5,0.33718258246196103,0.10514622156100034,0.27552999363427944,0.10514622156100034
F01518ED-BE50-4AE9-A0CE-04FC4543FAAA,0.25-1.0,0.3756833794177397,0.10683353233057805,0.27150507087077724,0.10683353233057805
F01518ED-BE50-4AE9-A0CE-04FC4543FAAA,0.5-0.0,0.3097277818793538,0.12950181092303736,0.27106178984398,0.12950181092303736
F01518ED-BE50-4AE9-A0CE-04FC4543FAAA,0.5-0.5,0.44819902322029526,0.1334322422328468,0.34550583147834923,0.1334322422328468
F01518ED-BE50-4AE9-A0CE-04FC4543FAAA,0.5-1.0,0.24766849990875622,0.11091279471768187,0.260099421997514,0.11091279471768187
D0FBD140-E719-4CA3-AB29-2471FE0671F9,0.0-0.0,0.3376225236496083,0.09192364527618124,0.18345237250705276,0.09192364527618124
D0FBD140-E719-4CA3-AB29-2471FE0671F9,0.25-0.0,0.25471114125849637,0.11418831169495905,0.2935613591273347,0.11418831169495905
D0FBD140-E719-4CA3-AB29-2471FE0671F9,0.25-0.5,0.31350053175075854,0.12913925455040404,0.27459393315750286,0.12913925455040404
D0FBD140-E719-4CA3-AB29-2471FE0671F9,0.25-1.0,0.379086555731359,0.11444544983747758,0.2558336373269129,0.11444544983747758
D0FBD140-E719-4CA3-AB29-2471FE0671F9,0.5-0.0,0.457921705428304,0.14295700741361278,0.3351787382288457,0.14295700741361278
D0FBD140-E719-4CA3-AB29-2471FE0671F9,0.5-0.5,0.4912163260213153,0.13465091539209342,0.3101144528633988,0.13465091539209342
D0FBD140-E719-4CA3-AB29-2471FE0671F9,0.5-1.0,0.31690965291909806,0.13299981741346442,0.28913470072297776,0.13299981741346442
9A841901-DFA0-4ECD-A758-87E1C8A1D0D0,0.0-0.0,0.5573063081208077,0.08401833673871278,0.18633612086447132,0.08401833673871278
9A841901-DFA0-4ECD-A758-87E1C8A1D0D0,0.25-0.0,0.5207640973259822,0.12844662956133843,0.2819389708893014,0.12844662956133843
9A841901-DFA0-4ECD-A758-87E1C8A1D0D0,0.25-0.5,0.2664283176139783,0.11071467189155405,0.27358586480221514,0.11071467189155405
9A841901-DFA0-4ECD-A758-87E1C8A1D0D0,0.25-1.0,0.352100419764338,0.12343898311680618,0.231235154903139,0.12343898311680618
9A841901-DFA0-4ECD-A758-87E1C8A1D0D0,0.5-0.0,0.3355450163285883,0.11956434041203641,0.27557246864899193,0.11956434041203641
9A841901-DFA0-4ECD-A758-87E1C8A1D0D0,0.5-0.5,0.23875689748597892,0.11972288017863958,0.3077495182205242,0.11972288017863958
9A841901-DFA0-4ECD-A758-87E1C8A1D0D0,0.5-1.0,0.3820962293540877,0.12348228270388863,0.2837186173694247,0.12348228270388863
57336097-B341-4203-A209-31CC1E860A9C,0.0-0.0,0.35783106051097807,0.08844690673409614,0.17458728371295876,0.08844690673409614
57336097-B341-4203-A209-31CC1E860A9C,0.25-0.0,0.3466223429217146,0.10347519821817888,0.23152980533014716,0.10347519821817888
57336097-B341-4203-A209-31CC1E860A9C,0.25-0.5,0.3194325750344803,0.10809240175767727,0.2380488511420577,0.10809240175767727
57336097-B341-4203-A209-31CC1E860A9C,0.25-1.0,0.35069455324523297,0.13355178932886488,0.31929118256874867,0.13355178932886488
57336097-B341-4203-A209-31CC1E860A9C,0.5-0.0,0.32610307079531875,0.1477525954058484,0.3833786152385821,0.1477525954058484
57336097-B341-4203-A209-31CC1E860A9C,0.5-0.5,0.39375546084407415,0.140739468124787,0.37718544169093576,0.140739468124787
57336097-B341-4203-A209-31CC1E860A9C,0.5-1.0,0.29940162014362043,0.13547665657741215,0.3670374689139272,0.13547665657741215
1BD205B5-9C49-4550-8C29-CF66EB3841D3,0.0-0.0,0.3105570418207195,0.09113635900823024,0.1650517838418373,0.09113635900823024
1BD205B5-9C49-4550-8C29-CF66EB3841D3,0.25-0.0,0.36708744927515263,0.11693469300491374,0.2642374554204847,0.11693469300491374
1BD205B5-9C49-4550-8C29-CF66EB3841D3,0.25-0.5,0.36288015831797454,0.1118573453035825,0.2948186533995875,0.1118573453035825
1BD205B5-9C49-4550-8C29-CF66EB3841D3,0.25-1.0,0.2966272677867305,0.11528114586235662,0.2383116457057498,0.11528114586235662
1BD205B5-9C49-4550-8C29-CF66EB3841D3,0.5-0.0,0.36227650112689147,0.1422229694783511,0.3393009971541696,0.1422229694783511
1BD205B5-9C49-4550-8C29-CF66EB3841D3,0.5-0.5,0.3030722514264389,0.13151353794801085,0.3066200529623336,0.13151353794801085
1BD205B5-9C49-4550-8C29-CF66EB3841D3,0.5-1.0,0.3172163417400131,0.11856495389506413,0.3045661274934539,0.11856495389506413
31A10066-EBA4-4B2B-A9F4-AF029380059A,0.0-0.0,0.3267429581762679,0.10286167859958521,0.20540508592546722,0.10286167859958521
31A10066-EBA4-4B2B-A9F4-AF029380059A,0.25-0.0,0.31179270860891645,0.11375729572973228,0.2462881248622639,0.11375729572973228
31A10066-EBA4-4B2B-A9F4-AF029380059A,0.25-0.5,0.3177119620893526,0.10002977927643933,0.2428967767722112,0.10002977927643933
31A10066-EBA4-4B2B-A9F4-AF029380059A,0.25-1.0,0.39100805887793505,0.12184170897998066,0.3083116088701589,0.12184170897998066
31A10066-EBA4-4B2B-A9F4-AF029380059A,0.5-0.0,0.3201462177299977,0.12605598512885627,0.29358684416466996,0.12605598512885627
31A10066-EBA4-4B2B-A9F4-AF029380059A,0.5-0.5,0.4750460537037698,0.12919018886804778,0.3465226092582976,0.12919018886804778
31A10066-EBA4-4B2B-A9F4-AF029380059A,0.5-1.0,0.32257438187980314,0.13686933246328684,0.3495345373457187,0.13686933246328684
0F69CDD9-EAAD-4F81-934F-8BA98B1424F6,0.0-0.0,0.3644257724850096,0.11500887985243254,0.2284783486320764,0.11500887985243254
0F69CDD9-EAAD-4F81-934F-8BA98B1424F6,0.25-0.0,0.3110281964071081,0.10592632730891173,0.37397868283456037,0.10592632730891173
0F69CDD9-EAAD-4F81-934F-8BA98B1424F6,0.25-0.5,0.6039954864958765,0.10322588489063869,0.22431163948176935,0.10322588489063869
0F69CDD9-EAAD-4F81-934F-8BA98B1424F6,0.25-1.0,0.3363999141942908,0.11894436785794676,0.29667047880305963,0.11894436785794676
0F69CDD9-EAAD-4F81-934F-8BA98B1424F6,0.5-0.0,0.387284031776756,0.1293756892466224,0.30340433621921337,0.1293756892466224
0F69CDD9-EAAD-4F81-934F-8BA98B1424F6,0.5-0.5,0.5160023994262336,0.13654919156776535,0.4207427533309831,0.13654919156776535
0F69CDD9-EAAD-4F81-934F-8BA98B1424F6,0.5-1.0,0.24947079361394284,0.12777682244042346,0.2742327035224049,0.12777682244042346
D6C243A6-CE71-4933-926F-1522DCACB25A,0.0-0.0,0.3224344759667991,0.10053481775184726,0.2790142950256931,0.10053481775184726
D6C243A6-CE71-4933-926F-1522DCACB25A,0.25-0.0,0.3852669559392128,0.11907645033971823,0.2525725963577764,0.11907645033971823
D6C243A6-CE71-4933-926F-1522DCACB25A,0.25-0.5,0.39195520667618167,0.12524421057344345,0.37740004501657504,0.12524421057344345
D6C243A6-CE71-4933-926F-1522DCACB25A,0.25-1.0,0.33043822339610635,0.10342626121795369,0.27132143037564715,0.10342626121795369
D6C243A6-CE71-4933-926F-1522DCACB25A,0.5-0.0,0.3157012311707779,0.13714911219648818,0.31781108200794417,0.13714911219648818
D6C243A6-CE71-4933-926F-1522DCACB25A,0.5-0.5,0.28238582880691054,0.13074176013008112,0.4502401144798753,0.13074176013008112
D6C243A6-CE71-4933-926F-1522DCACB25A,0.5-1.0,0.3450685136934548,0.1361928915871937,0.36134208542705926,0.1361928915871937
7ADC2BAE-4246-4C2A-B70E-95305A69DBE8,0.0-0.0,0.3174817714918159,0.09209681174152368,0.18210085672183945,0.09209681174152368
7ADC2BAE-4246-4C2A-B70E-95305A69DBE8,0.25-0.0,0.40451136307685454,0.12137490776787656,0.34082697546437346,0.12137490776787656
7ADC2BAE-4246-4C2A-B70E-95305A69DBE8,0.25-0.5,0.33533050021126704,0.13219424124727217,0.3630731656278556,0.13219424124727217
7ADC2BAE-4246-4C2A-B70E-95305A69DBE8,0.25-1.0,0.42603375955527584,0.11967164602092223,0.249666027847964,0.11967164602092223
7ADC2BAE-4246-4C2A-B70E-95305A69DBE8,0.5-0.0,0.36200156663385447,0.14557003110191033,0.38877325837998505,0.14557003110191033
7ADC2BAE-4246-4C2A-B70E-95305A69DBE8,0.5-0.5,0.35054184305442276,0.13517970328062234,0.34901296395840276,0.13517970328062234
7ADC2BAE-4246-4C2A-B70E-95305A69DBE8,0.5-1.0,0.4625631494285467,0.13000341856748793,0.36335045860551185,0.13000341856748793
90FC3412-2859-47A8-AB6C-9A303BFB9ECE,0.0-0.0,0.3481091877878396,0.08251588304846212,0.13678211911811802,0.08251588304846212
90FC3412-2859-47A8-AB6C-9A303BFB9ECE,0.25-0.0,0.29577764203905793,0.10608781810750828,0.25179473702454547,0.10608781810750828
90FC3412-2859-47A8-AB6C-9A303BFB9ECE,0.25-0.5,0.34132793126288236,0.11273799380530006,0.2885794528980644,0.11273799380530006
90FC3412-2859-47A8-AB6C-9A303BFB9ECE,0.25-1.0,0.4483612422226994,0.10691607007921874,0.24156006084805964,0.10691607007921874
90FC3412-2859-47A8-AB6C-9A303BFB9ECE,0.5-0.0,0.3843999151964938,0.13175751911942754,0.2968540013932931,0.13175751911942754
90FC3412-2859-47A8-AB6C-9A303BFB9ECE,0.5-0.5,0.5173741798784388,0.12475125852299546,0.365258158795976,0.12475125852299546
90FC3412-2859-47A8-AB6C-9A303BFB9ECE,0.5-1.0,0.38409420472375105,0.12045748426994651,0.2674920104642402,0.12045748426994651
ECDE79A9-DABC-4E03-AB25-2966D757826D,0.0-0.0,0.3103444830061186,0.10384924624393231,0.22720111629143364,0.10384924624393231
ECDE79A9-DABC-4E03-AB25-2966D757826D,0.25-0.0,0.43525865797520596,0.11227982518651809,0.3131639858207792,0.11227982518651809
ECDE79A9-DABC-4E03-AB25-2966D757826D,0.25-0.5,0.36244106690425576,0.1213362634961061,0.3071033760128601,0.1213362634961061
ECDE79A9-DABC-4E03-AB25-2966D757826D,0.25-1.0,0.2966475871158404,0.10291837732363376,0.3080847909288667,0.10291837732363376
ECDE79A9-DABC-4E03-AB25-2966D757826D,0.5-0.0,0.37136589976081763,0.12580320562377018,0.32200698347881407,0.12580320562377018
ECDE79A9-DABC-4E03-AB25-2966D757826D,0.5-0.5,0.4348746575986863,0.13409204395146493,0.3656420157636112,0.13409204395146493
ECDE79A9-DABC-4E03-AB25-2966D757826D,0.5-1.0,0.2369463375011424,0.12973638242849334,0.31059748081141564,0.12973638242849334
53E1A7E1-2F67-491A-8E8D-DF42E8F0A255,0.0-0.0,0.37566264986615355,0.09111007849089693,0.15797678765784018,0.09111007849089693
53E1A7E1-2F67-491A-8E8D-DF42E8F0A255,0.25-0.0,0.42681397175303953,0.10521404239041339,0.3076492492132519,0.10521404239041339
53E1A7E1-2F67-491A-8E8D-DF42E8F0A255,0.25-0.5,0.3421735755953019,0.124454727361161,0.28257062677279493,0.124454727361161
53E1A7E1-2F67-491A-8E8D-DF42E8F0A255,0.25-1.0,0.4403155900267429,0.12506573408840688,0.2736703439141843,0.12506573408840688
53E1A7E1-2F67-491A-8E8D-DF42E8F0A255,0.5-0.0,0.2747172326249817,0.14126815877463736,0.3856246770766001,0.14126815877463736
53E1A7E1-2F67-491A-8E8D-DF42E8F0A255,0.5-0.5,0.37812016390621567,0.1365017445582727,0.32254428887104714,0.1365017445582727
53E1A7E1-2F67-491A-8E8D-DF42E8F0A255,0.5-1.0,0.3721495659129097,0.12618676688594202,0.33896277976615663,0.12618676688594202
A8CB6B6B-45BB-46BD-B593-0D449DBA7D8A,0.0-0.0,0.33151305340556425,0.0835687197008908,0.14979794458175236,0.0835687197008908
A8CB6B6B-45BB-46BD-B593-0D449DBA7D8A,0.25-0.0,0.47853879718945286,0.108053145310804,0.26668293720467207,0.108053145310804
A8CB6B6B-45BB-46BD-B593-0D449DBA7D8A,0.25-0.5,0.40951695891387085,0.10278296983546088,0.2101418523257795,0.10278296983546088
A8CB6B6B-45BB-46BD-B593-0D449DBA7D8A,0.25-1.0,0.30053130771390657,0.11324781428115883,0.24861462077408852,0.11324781428115883
A8CB6B6B-45BB-46BD-B593-0D449DBA7D8A,0.5-0.0,0.4545313946304246,0.12636671142829398,0.3099444628230363,0.12636671142829398
A8CB6B6B-45BB-46BD-B593-0D449DBA7D8A,0.5-0.5,0.42019197740543796,0.1397363859297242,0.2996970644987898,0.1397363859297242
A8CB6B6B-45BB-46BD-B593-0D449DBA7D8A,0.5-1.0,0.32288703197208074,0.13035810899681194,0.27944342128776845,0.13035810899681194
40D63DD2-B93D-4D7F-81A4-1EA3819B249E,0.0-0.0,0.3606301523465737,0.09648257036149428,0.22105664874831932,0.09648257036149428
40D63DD2-B93D-4D7F-81A4-1EA3819B249E,0.25-0.0,0.3657453480113555,0.11064862058996837,0.2768464602041073,0.11064862058996837
40D63DD2-B93D-4D7F-81A4-1EA3819B249E,0.25-0.5,0.36643310001374674,0.12360413820511786,0.2641769400795426,0.12360413820511786
40D63DD2-B93D-4D7F-81A4-1EA3819B249E,0.25-1.0,0.31580773135096835,0.12070967115308222,0.3169544056279959,0.12070967115308222
40D63DD2-B93D-4D7F-81A4-1EA3819B249E,0.5-0.0,0.2951199337156224,0.1413262523400568,0.35752878188062237,0.1413262523400568
40D63DD2-B93D-4D7F-81A4-1EA3819B249E,0.5-0.5,0.3769881715605691,0.13196873349812427,0.3505920418075187,0.13196873349812427
40D63DD2-B93D-4D7F-81A4-1EA3819B249E,0.5-1.0,0.32028574480934424,0.12701317160254974,0.3408710963242991,0.12701317160254974
BB292D24-7E21-461B-B20E-BBE940DC5681,0.0-0.0,0.32851971302159927,0.09770321334229845,0.3307663846520206,0.09770321334229845
BB292D24-7E21-461B-B20E-BBE940DC5681,0.25-0.0,0.28599283420676536,0.11736842726517736,0.3563444332704334,0.11736842726517736
BB292D24-7E21-461B-B20E-BBE940DC5681,0.25-0.5,0.27386023609776955,0.11523317038396365,0.24497042807378616,0.11523317038396365
BB292D24-7E21-461B-B20E-BBE940DC5681,0.25-1.0,0.27413440176720205,0.11243149643147021,0.24462841066556068,0.11243149643147021
BB292D24-7E21-461B-B20E-BBE940DC5681,0.5-0.0,0.4931210156290149,0.133392172217968,0.27857765814577085,0.133392172217968
BB292D24-7E21-461B-B20E-BBE940DC5681,0.5-0.5,0.3644422136743859,0.12365199257561516,0.2978660814669557,0.12365199257561516
BB292D24-7E21-461B-B20E-BBE940DC5681,0.5-1.0,0.4114385116158514,0.13862757812354562,0.3663483334164483,0.13862757812354562
B8B4F24C-6506-4D73-863D-B20627B38D08,0.0-0.0,0.30650116595953075,0.10049439670151579,0.24910928932038154,0.10049439670151579
B8B4F24C-6506-4D73-863D-B20627B38D08,0.25-0.0,0.31161890186565977,0.11874241094047731,0.30743971307063456,0.11874241094047731
B8B4F24C-6506-4D73-863D-B20627B38D08,0.25-0.5,0.4150325434651973,0.13711448445408547,0.3889572721215391,0.13711448445408547
B8B4F24C-6506-4D73-863D-B20627B38D08,0.25-1.0,0.40723756720053356,0.12562624828772204,0.25119639187446124,0.12562624828772204
B8B4F24C-6506-4D73-863D-B20627B38D08,0.5-0.0,0.4236581028143576,0.13646610783576663,0.31389422318488214,0.13646610783576663
B8B4F24C-6506-4D73-863D-B20627B38D08,0.5-0.5,0.43534599292475756,0.13141624969623134,0.3295115884765318,0.13141624969623134
B8B4F24C-6506-4D73-863D-B20627B38D08,0.5-1.0,0.40575902654881,0.13147197067218053,0.322049720589926,0.13147197067218053
1CAD975F-67E5-4B57-81DE-1441CAD36C7B,0.0-0.0,0.3096795670279679,0.10875140043643423,0.23118246553781177,0.10875140043643423
1CAD975F-67E5-4B57-81DE-1441CAD36C7B,0.25-0.0,0.4754647619847215,0.10553825304987348,0.2897615064874628,0.10553825304987348
1CAD975F-67E5-4B57-81DE-1441CAD36C7B,0.25-0.5,0.3966347368983102,0.11999835697551778,0.22624076120532022,0.11999835697551778
1CAD975F-67E5-4B57-81DE-1441CAD36C7B,0.25-1.0,0.43721650728634415,0.11345442345823566,0.3440069824223282,0.11345442345823566
1CAD975F-67E5-4B57-81DE-1441CAD36C7B,0.5-0.0,0.3893280333115647,0.13047547605261092,0.31965256052739366,0.13047547605261092
1CAD975F-67E5-4B57-81DE-1441CAD36C7B,0.5-0.5,0.3160284178001585,0.12971695388009896,0.308214227972011,0.12971695388009896
1CAD975F-67E5-4B57-81DE-1441CAD36C7B,0.5-1.0,0.3256513105781617,0.11744243743215231,0.29720835953495206,0.11744243743215231
1439249F-449D-4A86-BBF3-CBDE12C3DDE5,0.0-0.0,0.43943039643001014,0.09769485539626042,0.2105981111647341,0.09769485539626042
1439249F-449D-4A86-BBF3-CBDE12C3DDE5,0.25-0.0,0.4376083993637892,0.12349442590351352,0.2949616769223892,0.12349442590351352
1439249F-449D-4A86-BBF3-CBDE12C3DDE5,0.25-0.5,0.39681917114440324,0.13826224332900472,0.2622457660669969,0.13826224332900472
1439249F-449D-4A86-BBF3-CBDE12C3DDE5,0.25-1.0,0.4668853389378236,0.13034057878654007,0.29181594018258183,0.13034057878654007
1439249F-449D-4A86-BBF3-CBDE12C3DDE5,0.5-0.0,0.3357658415777244,0.14348054358548057,0.3718305595407637,0.14348054358548057
1439249F-449D-4A86-BBF3-CBDE12C3DDE5,0.5-0.5,0.36388908798431074,0.1165243030563413,0.251611195848252,0.1165243030563413
1439249F-449D-4A86-BBF3-CBDE12C3DDE5,0.5-1.0,0.3266188850663693,0.12420145757493663,0.30461210241339465,0.12420145757493663
F871C084-EBE2-40AF-8908-AA626B4CB4EA,0.0-0.0,0.3809799519910447,0.08274803091309517,0.18627413460817596,0.08274803091309517
F871C084-EBE2-40AF-8908-AA626B4CB4EA,0.25-0.0,0.4014778861427664,0.10326435420327067,0.2987765061611769,0.10326435420327067
F871C084-EBE2-40AF-8908-AA626B4CB4EA,0.25-0.5,0.4545723933426561,0.1066650945658979,0.23090175149976408,0.1066650945658979
F871C084-EBE2-40AF-8908-AA626B4CB4EA,0.25-1.0,0.4133138237917292,0.12043936848392985,0.26657818514548387,0.12043936848392985
F871C084-EBE2-40AF-8908-AA626B4CB4EA,0.5-0.0,0.4653555293584416,0.13238115919625032,0.31484400727759676,0.13238115919625032
F871C084-EBE2-40AF-8908-AA626B4CB4EA,0.5-0.5,0.3568133726185697,0.11665502455821285,0.3561192985615844,0.11665502455821285
F871C084-EBE2-40AF-8908-AA626B4CB4EA,0.5-1.0,0.4048501991907364,0.12399253152435898,0.2940585797824956,0.12399253152435898
82577515-582E-4F03-97DB-8A2A71E1B9C1,0.0-0.0,0.4643026162486339,0.10208261554781593,0.3114269120927998,0.10208261554781593
82577515-582E-4F03-97DB-8A2A71E1B9C1,0.25-0.0,0.38834255734316936,0.1262032502423022,0.3421879990110384,0.1262032502423022
82577515-582E-4F03-97DB-8A2A71E1B9C1,0.25-0.5,0.4233693936703356,0.13158336504599905,0.2766815207018471,0.13158336504599905
82577515-582E-4F03-97DB-8A2A71E1B9C1,0.25-1.0,0.3540239382849998,0.10828735262044867,0.2150375059145957,0.10828735262044867
82577515-582E-4F03-97DB-8A2A71E1B9C1,0.5-0.0,0.38357547123713204,0.12946627932055346,0.26131091166481896,0.12946627932055346
82577515-582E-4F03-97DB-8A2A71E1B9C1,0.5-0.5,0.36744752715332435,0.1423232414290961,0.2992243468472529,0.1423232414290961
82577515-582E-4F03-97DB-8A2A71E1B9C1,0.5-1.0,0.32431974868195457,0.1313773406287901,0.29498860731583887,0.1313773406287901
45D8EAD2-210C-4F04-8C7F-EA3E65484875,0.0-0.0,0.38327925735131435,0.08883767211999119,0.20060711307838638,0.08883767211999119
45D8EAD2-210C-4F04-8C7F-EA3E65484875,0.25-0.0,0.5028463188111436,0.11957475282750125,0.25488332022678767,0.11957475282750125
45D8EAD2-210C-4F04-8C7F-EA3E65484875,0.25-0.5,0.43587894793698784,0.12631137991795013,0.3133659532758889,0.12631137991795013
45D8EAD2-210C-4F04-8C7F-EA3E65484875,0.25-1.0,0.4187056092051531,0.12220203912384367,0.2729434390529796,0.12220203912384367
45D8EAD2-210C-4F04-8C7F-EA3E65484875,0.5-0.0,0.46949924428476725,0.1532116578079369,0.4497757727114757,0.1532116578079369
45D8EAD2-210C-4F04-8C7F-EA3E65484875,0.5-0.5,0.2683689264066929,0.1240942773036952,0.4335135977939517,0.1240942773036952
45D8EAD2-210C-4F04-8C7F-EA3E65484875,0.5-1.0,0.36515143555659424,0.12432480066953172,0.3048622129093582,0.12432480066953172
6BCB6C04-137B-4145-9760-A2F293B3E598,0.0-0.0,0.554140485825606,0.08845948058450909,0.20248267068502415,0.08845948058450909
6BCB6C04-137B-4145-9760-A2F293B3E598,0.25-0.0,0.3704704718347308,0.11218185405666624,0.21335597446904575,0.11218185405666624
6BCB6C04-137B-4145-9760-A2F293B3E598,0.25-0.5,0.36261931374785256,0.10689835641601704,0.28684083906377056,0.10689835641601704
6BCB6C04-137B-4145-9760-A2F293B3E598,0.25-1.0,0.39150793038634824,0.1154947524791187,0.2633354404930221,0.1154947524791187
6BCB6C04-137B-4145-9760-A2F293B3E598,0.5-0.0,0.3521096772118821,0.12273041663127517,0.2652102314515299,0.12273041663127517
6BCB6C04-137B-4145-9760-A2F293B3E598,0.5-0.5,0.37767389197790496,0.1171994971978647,0.24781957758603712,0.1171994971978647
6BCB6C04-137B-4145-9760-A2F293B3E598,0.5-1.0,0.4046769758259871,0.12501791331886586,0.2991043587765171,0.12501791331886586
147A494E-7009-48B0-B912-218C2087F0E4,0.0-0.0,0.3691982439282707,0.10291248294092852,0.28535337960237384,0.10291248294092852
147A494E-7009-48B0-B912-218C2087F0E4,0.25-0.0,0.31590547912716804,0.11579546134100534,0.3314735742944069,0.11579546134100534
147A494E-7009-48B0-B912-218C2087F0E4,0.25-0.5,0.3980300825401944,0.1317056767479667,0.24786091437278643,0.1317056767479667
147A494E-7009-48B0-B912-218C2087F0E4,0.25-1.0,0.3374819547135312,0.11002856366666493,0.32101707580451755,0.11002856366666493
147A494E-7009-48B0-B912-218C2087F0E4,0.5-0.0,0.34688952110001237,0.12313877731823787,0.3166648963273334,0.12313877731823787
147A494E-7009-48B0-B912-218C2087F0E4,0.5-0.5,0.43875866926904766,0.13172132396882794,0.3119544051957098,0.13172132396882794
147A494E-7009-48B0-B912-218C2087F0E4,0.5-1.0,0.3494444719900154,0.12626144298571002,0.3077616803092278,0.12626144298571002
2B37095F-DF58-4168-8498-8FE99A1E3B5D,0.0-0.0,0.3615292478644592,0.10036012277693043,0.2121563286691806,0.10036012277693043
2B37095F-DF58-4168-8498-8FE99A1E3B5D,0.25-0.0,0.3755054460576166,0.12805778369782073,0.32417252311822214,0.12805778369782073
2B37095F-DF58-4168-8498-8FE99A1E3B5D,0.25-0.5,0.33472605698241686,0.10980076086927282,0.3802220440685804,0.10980076086927282
2B37095F-DF58-4168-8498-8FE99A1E3B5D,0.25-1.0,0.33546900427056003,0.11948633353344312,0.21748860801965317,0.11948633353344312
2B37095F-DF58-4168-8498-8FE99A1E3B5D,0.5-0.0,0.34645595255599426,0.12573713617169968,0.30966707540959443,0.12573713617169968
2B37095F-DF58-4168-8498-8FE99A1E3B5D,0.5-0.5,0.33969511772520405,0.1255107389906019,0.29807156416930214,0.1255107389906019
2B37095F-DF58-4168-8498-8FE99A1E3B5D,0.5-1.0,0.2243180698921199,0.1132230945944878,0.319948413158467,0.1132230945944878
817546DC-1A01-4DC4-B176-5088422D0881,0.0-0.0,0.3394082178786014,0.09283602704714723,0.21762754011543936,0.09283602704714723
817546DC-1A01-4DC4-B176-5088422D0881,0.25-0.0,0.3486908295594341,0.12825686117644464,0.27849689931921334,0.12825686117644464
817546DC-1A01-4DC4-B176-5088422D0881,0.25-0.5,0.40630565540707453,0.11728528997279283,0.3137038348436543,0.11728528997279283
817546DC-1A01-4DC4-B176-5088422D0881,0.25-1.0,0.3365130956951191,0.10666041329591812,0.22787859208184308,0.10666041329591812
817546DC-1A01-4DC4-B176-5088422D0881,0.5-0.0,0.42044848424923126,0.13728047157171258,0.29021349516125783,0.13728047157171258
817546DC-1A01-4DC4-B176-5088422D0881,0.5-0.5,0.4362366324166538,0.12903859423923217,0.3675939473178879,0.12903859423923217
817546DC-1A01-4DC4-B176-5088422D0881,0.5-1.0,0.42243366086858286,0.12430640464613217,0.28564793847483577,0.12430640464613217
18EB1FF2-3858-44CB-ABD9-88882333C097,0.0-0.0,0.28888335937302345,0.08959777187747989,0.2265372051902598,0.08959777187747989
18EB1FF2-3858-44CB-ABD9-88882333C097,0.25-0.0,0.5392030109133097,0.11177480375943284,0.26149433105159464,0.11177480375943284
18EB1FF2-3858-44CB-ABD9-88882333C097,0.25-0.5,0.333008361258082,0.11589430027119246,0.2974158029187651,0.11589430027119246
18EB1FF2-3858-44CB-ABD9-88882333C097,0.25-1.0,0.41504861905711565,0.12040554889093066,0.3635599649004504,0.12040554889093066
18EB1FF2-3858-44CB-ABD9-88882333C097,0.5-0.0,0.4461329329622585,0.13912108068998866,0.41990749209891665,0.13912108068998866
18EB1FF2-3858-44CB-ABD9-88882333C097,0.5-0.5,0.4297767632925471,0.13099920467024032,0.39634708367855953,0.13099920467024032
18EB1FF2-3858-44CB-ABD9-88882333C097,0.5-1.0,0.36808405264004224,0.12836791947856957,0.32646578636027407,0.12836791947856957
67D85A83-C9EE-48BC-8027-C177BFACC85B,0.0-0.0,0.32968831512746033,0.09520734331385582,0.2755269467952297,0.09520734331385582
67D85A83-C9EE-48BC-8027-C177BFACC85B,0.25-0.0,0.452283111700218,0.1243955208394031,0.3428489724586933,0.1243955208394031
67D85A83-C9EE-48BC-8027-C177BFACC85B,0.25-0.5,0.36993347148851236,0.10825420038811914,0.2410284094935064,0.10825420038811914
67D85A83-C9EE-48BC-8027-C177BFACC85B,0.25-1.0,0.30310033561489585,0.11877576878624567,0.2612797332636608,0.11877576878624567
67D85A83-C9EE-48BC-8027-C177BFACC85B,0.5-0.0,0.6668324910883757,0.1405301823172642,0.36013151736983817,0.1405301823172642
67D85A83-C9EE-48BC-8027-C177BFACC85B,0.5-0.5,0.33157769686838323,0.13569608985224954,0.36452763844956837,0.13569608985224954
67D85A83-C9EE-48BC-8027-C177BFACC85B,0.5-1.0,0.3818155070387591,0.1323813487916029,0.34108475378968955,0.1323813487916029
C86AFC66-CA2A-40F6-A863-88C8BCD80634,0.0-0.0,0.37602409993700475,0.1098456614383105,0.2671059007552337,0.1098456614383105
C86AFC66-CA2A-40F6-A863-88C8BCD80634,0.25-0.0,0.3330471051599578,0.11511174376739487,0.26014785287913794,0.11511174376739487
C86AFC66-CA2A-40F6-A863-88C8BCD80634,0.25-0.5,0.29318148320640125,0.11072274836927472,0.3356691741658232,0.11072274836927472
C86AFC66-CA2A-40F6-A863-88C8BCD80634,0.25-1.0,0.35270416114601044,0.12127893979590057,0.3174198120738721,0.12127893979590057
C86AFC66-CA2A-40F6-A863-88C8BCD80634,0.5-0.0,0.434775925366232,0.13362051913894632,0.3973290062224202,0.13362051913894632
C86AFC66-CA2A-40F6-A863-88C8BCD80634,0.5-0.5,0.509077192680104,0.13678319454999419,0.3254972202611527,0.13678319454999419
C86AFC66-CA2A-40F6-A863-88C8BCD80634,0.5-1.0,0.49540781498312403,0.12641803959091225,0.3125102523040495,0.12641803959091225
99AE4568-FD23-4A96-BD6C-CD9B9FB2C24A,0.0-0.0,0.36018552847174995,0.1039277083589022,0.24083101721927358,0.1039277083589022
99AE4568-FD23-4A96-BD6C-CD9B9FB2C24A,0.25-0.0,0.39407301799828653,0.12484905118334948,0.3607079862802648,0.12484905118334948
99AE4568-FD23-4A96-BD6C-CD9B9FB2C24A,0.25-0.5,0.38501811952411774,0.10972270587228167,0.3053495142101441,0.10972270587228167
99AE4568-FD23-4A96-BD6C-CD9B9FB2C24A,0.25-1.0,0.3590620966744371,0.1134114885522501,0.27706044863977797,0.1134114885522501
99AE4568-FD23-4A96-BD6C-CD9B9FB2C24A,0.5-0.0,0.3894962449191984,0.14823633003830233,0.36752564539886867,0.14823633003830233
99AE4568-FD23-4A96-BD6C-CD9B9FB2C24A,0.5-0.5,0.2928099408880519,0.11957644241861523,0.3790816538356053,0.11957644241861523
99AE4568-FD23-4A96-BD6C-CD9B9FB2C24A,0.5-1.0,0.3850260525626276,0.1271032317056229,0.3085463702598673,0.1271032317056229
7D8A6360-C9E9-487B-A344-42B5F9E41CF7,0.0-0.0,0.3657457742161865,0.09919791198667023,0.21319142745228228,0.09919791198667023
7D8A6360-C9E9-487B-A344-42B5F9E41CF7,0.25-0.0,0.29492499571191716,0.11273993309639421,0.28615427660279086,0.11273993309639421
7D8A6360-C9E9-487B-A344-42B5F9E41CF7,0.25-0.5,0.4540506183004883,0.11749959473707579,0.2654384970734631,0.11749959473707579
7D8A6360-C9E9-487B-A344-42B5F9E41CF7,0.25-1.0,0.41652318779382747,0.12423832048993919,0.3284907408461245,0.12423832048993919
7D8A6360-C9E9-487B-A344-42B5F9E41CF7,0.5-0.0,0.2965442092194305,0.13793978234051532,0.32202422038068923,0.13793978234051532
7D8A6360-C9E9-487B-A344-42B5F9E41CF7,0.5-0.5,0.3143921544655123,0.13534370203889534,0.345212562584217,0.13534370203889534
7D8A6360-C9E9-487B-A344-42B5F9E41CF7,0.5-1.0,0.4876793594711209,0.13810604033058782,0.323104173909211,0.13810604033058782
35C59B5F-116D-4F25-A83A-5C89B86C072D,0.0-0.0,0.3454009033595927,0.08449086877829647,0.18731731030566717,0.08449086877829647
35C59B5F-116D-4F25-A83A-5C89B86C072D,0.25-0.0,0.3656133192038781,0.1268530506177679,0.34606248454936767,0.1268530506177679
35C59B5F-116D-4F25-A83A-5C89B86C072D,0.25-0.5,0.4201117771664541,0.10691369089108466,0.2908225305342059,0.10691369089108466
35C59B5F-116D-4F25-A83A-5C89B86C072D,0.25-1.0,0.36211157383968906,0.12530463122105304,0.30413824183717325,0.12530463122105304
35C59B5F-116D-4F25-A83A-5C89B86C072D,0.5-0.0,0.4460532220072166,0.1239795873099569,0.30086786973932345,0.1239795873099569
35C59B5F-116D-4F25-A83A-5C89B86C072D,0.5-0.5,0.3997457836155607,0.1336537116577676,0.3490962029967989,0.1336537116577676
35C59B5F-116D-4F25-A83A-5C89B86C072D,0.5-1.0,0.4253814908350207,0.1364296552150869,0.2844204306246153,0.1364296552150869
9BA67779-50C2-483B-8E81-916125D5D3F7,0.0-0.0,0.5030516181814036,0.10992598867709806,0.2037388565921324,0.10992598867709806
9BA67779-50C2-483B-8E81-916125D5D3F7,0.25-0.0,0.37649744353316594,0.10592545960323231,0.282031383459222,0.10592545960323231
9BA67779-50C2-483B-8E81-916125D5D3F7,0.25-0.5,0.406156222424509,0.11080350090189715,0.2791373590290183,0.11080350090189715
9BA67779-50C2-483B-8E81-916125D5D3F7,0.25-1.0,0.4105474418591711,0.12123085121526483,0.32884508002114987,0.12123085121526483
9BA67779-50C2-483B-8E81-916125D5D3F7,0.5-0.0,0.531141919419717,0.13323146920998366,0.36730893477354787,0.13323146920998366
9BA67779-50C2-483B-8E81-916125D5D3F7,0.5-0.5,0.36639886984093084,0.12277932662836505,0.2794790967896498,0.12277932662836505
9BA67779-50C2-483B-8E81-916125D5D3F7,0.5-1.0,0.3688660008016046,0.1293956359563328,0.3605479002246176,0.1293956359563328
4375042E-CC33-4B09-A79B-F30D8C0136D9,0.0-0.0,0.2705208807840451,0.09674456493216163,0.2296079473268777,0.09674456493216163
4375042E-CC33-4B09-A79B-F30D8C0136D9,0.25-0.0,0.38557966722810616,0.12691164366246968,0.33222778464603353,0.12691164366246968
4375042E-CC33-4B09-A79B-F30D8C0136D9,0.25-0.5,0.34844321999940675,0.11335201744403679,0.2614026962528726,0.11335201744403679
4375042E-CC33-4B09-A79B-F30D8C0136D9,0.25-1.0,0.33968728760064965,0.11791794797012972,0.2672768349389368,0.11791794797012972
4375042E-CC33-4B09-A79B-F30D8C0136D9,0.5-0.0,0.2798680723104259,0.13745168789514628,0.3311599771814482,0.13745168789514628
4375042E-CC33-4B09-A79B-F30D8C0136D9,0.5-0.5,0.26460122174782885,0.12485656071359956,0.37013165410405147,0.12485656071359956
4375042E-CC33-4B09-A79B-F30D8C0136D9,0.5-1.0,0.4528286047719582,0.12357058051294129,0.31110742539753966,0.12357058051294129
6FC13FEC-D6E7-4F53-9C10-A3FBAE064A71,0.0-0.0,0.4641175150322143,0.10746310649089402,0.2271173841802698,0.10746310649089402
6FC13FEC-D6E7-4F53-9C10-A3FBAE064A71,0.25-0.0,0.37850719280898554,0.11795621502564876,0.32053377574890174,0.11795621502564876
6FC13FEC-D6E7-4F53-9C10-A3FBAE064A71,0.25-0.5,0.31133495678325424,0.12745512873680973,0.2929273071125401,0.12745512873680973
6FC13FEC-D6E7-4F53-9C10-A3FBAE064A71,0.25-1.0,0.39228516182638423,0.10423832910830498,0.2955463676412985,0.10423832910830498
6FC13FEC-D6E7-4F53-9C10-A3FBAE064A71,0.5-0.0,0.4208199114937488,0.1294096494830144,0.2921307336284764,0.1294096494830144
6FC13FEC-D6E7-4F53-9C10-A3FBAE064A71,0.5-0.5,0.2683004694573559,0.1265707479687109,0.37242482386919784,0.1265707479687109
6FC13FEC-D6E7-4F53-9C10-A3FBAE064A71,0.5-1.0,0.5428160091931961,0.12435626490326913,0.2723933645950006,0.12435626490326913
450053F2-5F0A-4CFE-8A08-92CC201A07B9,0.0-0.0,0.3574082358707382,0.08489161872747812,0.2032975268700534,0.08489161872747812
450053F2-5F0A-4CFE-8A08-92CC201A07B9,0.25-0.0,0.2962436768057998,0.1080121166440242,0.3155324320726048,0.1080121166440242
450053F2-5F0A-4CFE-8A08-92CC201A07B9,0.25-0.5,0.38428616180747277,0.11639813190585632,0.35089406310800875,0.11639813190585632
450053F2-5F0A-4CFE-8A08-92CC201A07B9,0.25-1.0,0.3172793638459875,0.10361305401309193,0.21839034962454562,0.10361305401309193
450053F2-5F0A-4CFE-8A08-92CC201A07B9,0.5-0.0,0.40361585505667014,0.12603447957062625,0.29125868203537786,0.12603447957062625
450053F2-5F0A-4CFE-8A08-92CC201A07B9,0.5-0.5,0.3308421771845143,0.12073986453700342,0.26991952801471136,0.12073986453700342
450053F2-5F0A-4CFE-8A08-92CC201A07B9,0.5-1.0,0.4104949577985944,0.13315194860671734,0.32546812374682166,0.13315194860671734
4DB6BD40-F4FD-4E81-BACE-8E0FA5776347,0.0-0.0,0.43733263174237363,0.0819337447547157,0.1759162442467939,0.0819337447547157
4DB6BD40-F4FD-4E81-BACE-8E0FA5776347,0.25-0.0,0.3562423227980845,0.12412288400587926,0.30099529319897844,0.12412288400587926
4DB6BD40-F4FD-4E81-BACE-8E0FA5776347,0.25-0.5,0.36173349376043046,0.09820388731771956,0.313230345170997,0.09820388731771956
4DB6BD40-F4FD-4E81-BACE-8E0FA5776347,0.25-1.0,0.47786523673087516,0.11288924937812997,0.32172101893428007,0.11288924937812997
4DB6BD40-F4FD-4E81-BACE-8E0FA5776347,0.5-0.0,0.3985543034316268,0.13902080298388197,0.31680013029009235,0.13902080298388197
4DB6BD40-F4FD-4E81-BACE-8E0FA5776347,0.5-0.5,0.40606895531924586,0.12126715649420546,0.35729249268650065,0.12126715649420546
4DB6BD40-F4FD-4E81-BACE-8E0FA5776347,0.5-1.0,0.4791882940664386,0.12359500939120256,0.33357700901446685,0.12359500939120256
B4060B8D-C6B6-4A6F-A1E3-8D16E7FAE7E1,0.0-0.0,0.3227157045321475,0.0866825405422492,0.17579644874492506,0.0866825405422492
B4060B8D-C6B6-4A6F-A1E3-8D16E7FAE7E1,0.25-0.0,0.4617566921658159,0.11451709294609955,0.2900254558321169,0.11451709294609955
B4060B8D-C6B6-4A6F-A1E3-8D16E7FAE7E1,0.25-0.5,0.27735369842115754,0.13513180958532367,0.33987110475824006,0.13513180958532367
B4060B8D-C6B6-4A6F-A1E3-8D16E7FAE7E1,0.25-1.0,0.3926290741992354,0.11509429814634604,0.23650790958573809,0.11509429814634604
B4060B8D-C6B6-4A6F-A1E3-8D16E7FAE7E1,0.5-0.0,0.3161066782488018,0.1415552075714279,0.3275669171590858,0.1415552075714279
B4060B8D-C6B6-4A6F-A1E3-8D16E7FAE7E1,0.5-0.5,0.41526686830083015,0.1415947191501679,0.3817730622835267,0.1415947191501679
B4060B8D-C6B6-4A6F-A1E3-8D16E7FAE7E1,0.5-1.0,0.34388488472387796,0.1314657030193555,0.3296221191518426,0.1314657030193555
2C47C9E7-50F8-46AB-A198-BCEBCE6E5EF9,0.0-0.0,0.4380631873912947,0.08214751046350383,0.1532180085714351,0.08214751046350383
2C47C9E7-50F8-46AB-A198-BCEBCE6E5EF9,0.25-0.0,0.5282786608889277,0.12312339662317534,0.2843554791891993,0.12312339662317534
2C47C9E7-50F8-46AB-A198-BCEBCE6E5EF9,0.25-0.5,0.41897832381407935,0.11773045194697175,0.2782574084140091,0.11773045194697175
2C47C9E7-50F8-46AB-A198-BCEBCE6E5EF9,0.25-1.0,0.3281478120991559,0.10841606378734361,0.2951459438554225,0.10841606378734361
2C47C9E7-50F8-46AB-A198-BCEBCE6E5EF9,0.5-0.0,0.434769758808495,0.13205646161560292,0.3464389264214043,0.13205646161560292
2C47C9E7-50F8-46AB-A198-BCEBCE6E5EF9,0.5-0.5,0.4029026852116591,0.13290889131504421,0.2559042925315218,0.13290889131504421
2C47C9E7-50F8-46AB-A198-BCEBCE6E5EF9,0.5-1.0,0.31131467680650077,0.11673241353157927,0.27942928388718424,0.11673241353157927
7AE44CBF-F18D-4F02-AE72-4A461CA7EE4B,0.0-0.0,0.2966499673379677,0.08405829408312467,0.1803908486646262,0.08405829408312467
7AE44CBF-F18D-4F02-AE72-4A461CA7EE4B,0.25-0.0,0.2846218934690955,0.10997713355149079,0.298508736488992,0.10997713355149079
7AE44CBF-F18D-4F02-AE72-4A461CA7EE4B,0.25-0.5,0.4399646674602593,0.11370527714964435,0.3331229426290142,0.11370527714964435
7AE44CBF-F18D-4F02-AE72-4A461CA7EE4B,0.25-1.0,0.3993488337619212,0.11424936222192122,0.23525934293340806,0.11424936222192122
7AE44CBF-F18D-4F02-AE72-4A461CA7EE4B,0.5-0.0,0.3942356737009234,0.1439656197262016,0.39833601447665834,0.1439656197262016
7AE44CBF-F18D-4F02-AE72-4A461CA7EE4B,0.5-0.5,0.3309179872553112,0.12321787045084305,0.2860481953355105,0.12321787045084305
7AE44CBF-F18D-4F02-AE72-4A461CA7EE4B,0.5-1.0,0.47197856324245097,0.13546601592455765,0.3460601861926672,0.13546601592455765
5253FF49-DF1D-4A5B-89C7-9BD3778BEA34,0.0-0.0,0.30012197157025344,0.08336745202428775,0.2073570578640977,0.08336745202428775
5253FF49-DF1D-4A5B-89C7-9BD3778BEA34,0.25-0.0,0.309872461755311,0.11476855982505528,0.2884152944774629,0.11476855982505528
5253FF49-DF1D-4A5B-89C7-9BD3778BEA34,0.25-0.5,0.4114984617051228,0.12271953855394437,0.2696392618481289,0.12271953855394437
5253FF49-DF1D-4A5B-89C7-9BD3778BEA34,0.25-1.0,0.4790967568211675,0.11732189153716388,0.22532901556839227,0.11732189153716388
5253FF49-DF1D-4A5B-89C7-9BD3778BEA34,0.5-0.0,0.44194797174864536,0.1296429303621528,0.327585399042142,0.1296429303621528
5253FF49-DF1D-4A5B-89C7-9BD3778BEA34,0.5-0.5,0.4140537985824102,0.13267719755060992,0.3782253687667569,0.13267719755060992
5253FF49-DF1D-4A5B-89C7-9BD3778BEA34,0.5-1.0,0.3948330984706028,0.12723103849904788,0.3327458353801793,0.12723103849904788
28472727-0DDE-42F7-969C-738847AC62A8,0.0-0.0,0.35000154060843197,0.10659013702098329,0.21764313338898275,0.10659013702098329
28472727-0DDE-42F7-969C-738847AC62A8,0.25-0.0,0.3417611272677604,0.11861438099069666,0.26403677194287134,0.11861438099069666
28472727-0DDE-42F7-969C-738847AC62A8,0.25-0.5,0.34284182240526184,0.11139540622978653,0.26451913856917786,0.11139540622978653
28472727-0DDE-42F7-969C-738847AC62A8,0.25-1.0,0.34561840698088936,0.11086705632823782,0.229074522663073,0.11086705632823782
28472727-0DDE-42F7-969C-738847AC62A8,0.5-0.0,0.46207280523348326,0.13584898030409087,0.3741797050339789,0.13584898030409087
28472727-0DDE-42F7-969C-738847AC62A8,0.5-0.5,0.4724981836472536,0.13627049085365794,0.3758597292876692,0.13627049085365794
28472727-0DDE-42F7-969C-738847AC62A8,0.5-1.0,0.3807174170399594,0.1310094176424193,0.3811404668546736,0.1310094176424193
A301F8F3-9FEE-4ED9-9AB5-A91FD27B3498,0.0-0.0,0.37321819552578445,0.10486080296269024,0.25338615002279447,0.10486080296269024
A301F8F3-9FEE-4ED9-9AB5-A91FD27B3498,0.25-0.0,0.35988209601368154,0.1183284638621864,0.2863717710083181,0.1183284638621864
A301F8F3-9FEE-4ED9-9AB5-A91FD27B3498,0.25-0.5,0.32860366444126526,0.11115690749766417,0.3019074111476717,0.11115690749766417
A301F8F3-9FEE-4ED9-9AB5-A91FD27B3498,0.25-1.0,0.3542500134431399,0.1035777587181437,0.2101524059704118,0.1035777587181437
A301F8F3-9FEE-4ED9-9AB5-A91FD27B3498,0.5-0.0,0.35977184269929036,0.12018302236402387,0.31222490079698406,0.12018302236402387
A301F8F3-9FEE-4ED9-9AB5-A91FD27B3498,0.5-0.5,0.353742488220024,0.1226119270727351,0.29835834958140894,0.1226119270727351
A301F8F3-9FEE-4ED9-9AB5-A91FD27B3498,0.5-1.0,0.40003190196211835,0.12028421674812761,0.2364742122431911,0.12028421674812761
7AC91175-877C-44DF-95A6-65C02484EB90,0.0-0.0,0.4146292854707187,0.1089059312684795,0.26550929383557065,0.1089059312684795
7AC91175-877C-44DF-95A6-65C02484EB90,0.25-0.0,0.3013148724045814,0.12090922208048656,0.2479434421591976,0.12090922208048656
7AC91175-877C-44DF-95A6-65C02484EB90,0.25-0.5,0.4213742251845275,0.11136047657838997,0.250764322792766,0.11136047657838997
7AC91175-877C-44DF-95A6-65C02484EB90,0.25-1.0,0.34817998427987923,0.1233051266886749,0.38892820193224714,0.1233051266886749
7AC91175-877C-44DF-95A6-65C02484EB90,0.5-0.0,0.3859578973144633,0.1366353306196237,0.33957550449571927,0.1366353306196237
7AC91175-877C-44DF-95A6-65C02484EB90,0.5-0.5,0.31774082354451555,0.13861681080511343,0.3736352572686521,0.13861681080511343
7AC91175-877C-44DF-95A6-65C02484EB90,0.5-1.0,0.42548402979933264,0.12715580469677917,0.3334756491425749,0.12715580469677917
C9E7B1C9-5DFF-45D3-8766-0C8271FD293E,0.0-0.0,0.3383880547491002,0.10058747730521106,0.1922612152204044,0.10058747730521106
C9E7B1C9-5DFF-45D3-8766-0C8271FD293E,0.25-0.0,0.34321250937207065,0.11179776553371282,0.2783582822057858,0.11179776553371282
C9E7B1C9-5DFF-45D3-8766-0C8271FD293E,0.25-0.5,0.39505361506878767,0.12245276469947032,0.33399315427753473,0.12245276469947032
C9E7B1C9-5DFF-45D3-8766-0C8271FD293E,0.25-1.0,0.3000170117543852,0.12198396203258913,0.2913461925469787,0.12198396203258913
C9E7B1C9-5DFF-45D3-8766-0C8271FD293E,0.5-0.0,0.3504211837428828,0.12993278154655735,0.35805720776868416,0.12993278154655735
C9E7B1C9-5DFF-45D3-8766-0C8271FD293E,0.5-0.5,0.42138004090902914,0.12229128395056653,0.3699102021134655,0.12229128395056653
C9E7B1C9-5DFF-45D3-8766-0C8271FD293E,0.5-1.0,0.33566571387400923,0.12790260788831795,0.3130222345499742,0.12790260788831795
51371244-76F0-4B8A-8761-045568CDB857,0.0-0.0,0.27069985472395586,0.09231804235207805,0.2178935135891531,0.09231804235207805
51371244-76F0-4B8A-8761-045568CDB857,0.25-0.0,0.38990596495109714,0.09866495771397546,0.24375014705017697,0.09866495771397546
51371244-76F0-4B8A-8761-045568CDB857,0.25-0.5,0.3605539075168874,0.10948913130009925,0.24262327776248233,0.10948913130009925
51371244-76F0-4B8A-8761-045568CDB857,0.25-1.0,0.3626608451715237,0.10650655218031185,0.26463618909419506,0.10650655218031185
51371244-76F0-4B8A-8761-045568CDB857,0.5-0.0,0.3596235735607714,0.12380841138663055,0.412955602926507,0.12380841138663055
51371244-76F0-4B8A-8761-045568CDB857,0.5-0.5,0.3159278806726195,0.1088556219184833,0.2920028720184408,0.1088556219184833
51371244-76F0-4B8A-8761-045568CDB857,0.5-1.0,0.25917663985829004,0.13118192489624964,0.29593397098997964,0.13118192489624964
CF495EE9-9215-4F80-BCA3-75C8AAAC4E5D,0.0-0.0,0.5252952299994701,0.08991509117355295,0.25708315249411323,0.08991509117355295
CF495EE9-9215-4F80-BCA3-75C8AAAC4E5D,0.25-0.0,0.42028874356757234,0.11585888199196379,0.2596545419279347,0.11585888199196379
CF495EE9-9215-4F80-BCA3-75C8AAAC4E5D,0.25-0.5,0.45544261216837606,0.12604865228511913,0.28563177437471976,0.12604865228511913
CF495EE9-9215-4F80-BCA3-75C8AAAC4E5D,0.25-1.0,0.41870099369559155,0.11620090048575524,0.24875339326144497,0.11620090048575524
CF495EE9-9215-4F80-BCA3-75C8AAAC4E5D,0.5-0.0,0.35087159375926824,0.13595303612484774,0.3086883745823261,0.13595303612484774
CF495EE9-9215-4F80-BCA3-75C8AAAC4E5D,0.5-0.5,0.3090080709540952,0.13428972750275434,0.3019822671629321,0.13428972750275434
CF495EE9-9215-4F80-BCA3-75C8AAAC4E5D,0.5-1.0,0.342645848821613,0.11848937917911737,0.278492394009626,0.11848937917911737
557F26C2-8865-45D8-B4E9-F79F91370B05,0.0-0.0,0.3611269072214731,0.10845889307111374,0.273355346810917,0.10845889307111374
557F26C2-8865-45D8-B4E9-F79F91370B05,0.25-0.0,0.45113750087882243,0.1180573382000895,0.26006129654526344,0.1180573382000895
557F26C2-8865-45D8-B4E9-F79F91370B05,0.25-0.5,0.3288189630128819,0.12434489776285805,0.26876382207853544,0.12434489776285805
557F26C2-8865-45D8-B4E9-F79F91370B05,0.25-1.0,0.31683456021782175,0.1313387790027806,0.2326560360789645,0.1313387790027806
557F26C2-8865-45D8-B4E9-F79F91370B05,0.5-0.0,0.28489625696749565,0.12854561218913158,0.3107123154831176,0.12854561218913158
557F26C2-8865-45D8-B4E9-F79F91370B05,0.5-0.5,0.36526657577665,0.1224501442780977,0.2942363914498048,0.1224501442780977
557F26C2-8865-45D8-B4E9-F79F91370B05,0.5-1.0,0.3092715393648936,0.1235418951741245,0.33598521362711586,0.1235418951741245
BBC02C68-2E2E-4EC8-9600-5ACDA57F62CE,0.0-0.0,0.39382949397391076,0.09312996142878817,0.20502880209415478,0.09312996142878817
BBC02C68-2E2E-4EC8-9600-5ACDA57F62CE,0.25-0.0,0.32579791089294374,0.11512787030355487,0.33464861293833337,0.11512787030355487
BBC02C68-2E2E-4EC8-9600-5ACDA57F62CE,0.25-0.5,0.3670753526874197,0.11266712649329665,0.25084182140944844,0.11266712649329665
BBC02C68-2E2E-4EC8-9600-5ACDA57F62CE,0.25-1.0,0.34730380108699427,0.11303270145988788,0.21985263371287356,0.11303270145988788
BBC02C68-2E2E-4EC8-9600-5ACDA57F62CE,0.5-0.0,0.38745812112651234,0.1283854124178313,0.2442877750516035,0.1283854124178313
BBC02C68-2E2E-4EC8-9600-5ACDA57F62CE,0.5-0.5,0.2979719895786218,0.12585625748700108,0.27667599885633065,0.12585625748700108
BBC02C68-2E2E-4EC8-9600-5ACDA57F62CE,0.5-1.0,0.36688768300081986,0.1108503750464603,0.260316289450248,0.1108503750464603
8644247A-62F5-4C01-9A7A-4750627D01FC,0.0-0.0,0.3524962303364963,0.11139030662679718,0.24321727607365584,0.11139030662679718
8644247A-62F5-4C01-9A7A-4750627D01FC,0.25-0.0,0.4877078057602222,0.12686849448754767,0.2677884382578256,0.12686849448754767
8644247A-62F5-4C01-9A7A-4750627D01FC,0.25-0.5,0.534843733361997,0.11997743109956419,0.3096307422315556,0.11997743109956419
8644247A-62F5-4C01-9A7A-4750627D01FC,0.25-1.0,0.3748668157315776,0.1042667690419882,0.25148982156589983,0.1042667690419882
8644247A-62F5-4C01-9A7A-4750627D01FC,0.5-0.0,0.4273245997002282,0.12303974760073716,0.31393321461646323,0.12303974760073716
8644247A-62F5-4C01-9A7A-4750627D01FC,0.5-0.5,0.3296149868747165,0.1190992032514053,0.2963069929727554,0.1190992032514053
8644247A-62F5-4C01-9A7A-4750627D01FC,0.5-1.0,0.31582815591366864,0.12709488568434676,0.36896377674268455,0.12709488568434676
BC02B099-5A4C-44E0-BF2B-081856396984,0.0-0.0,0.22652268792054148,0.0910473631334875,0.16964697036458223,0.0910473631334875
BC02B099-5A4C-44E0-BF2B-081856396984,0.25-0.0,0.3730361226192911,0.11037129385844328,0.29256761401506565,0.11037129385844328
BC02B099-5A4C-44E0-BF2B-081856396984,0.25-0.5,0.35490274903838487,0.10093553262420654,0.29967292883341734,0.10093553262420654
BC02B099-5A4C-44E0-BF2B-081856396984,0.25-1.0,0.398328725951462,0.09690270843548615,0.16635798599218082,0.09690270843548615
BC02B099-5A4C-44E0-BF2B-081856396984,0.5-0.0,0.374829347457144,0.13046482762067352,0.31160937701668645,0.13046482762067352
BC02B099-5A4C-44E0-BF2B-081856396984,0.5-0.5,0.31032614790924107,0.13088571185878323,0.30480835719607025,0.13088571185878323
BC02B099-5A4C-44E0-BF2B-081856396984,0.5-1.0,0.33585751584228996,0.12117510578724325,0.28321050761556193,0.12117510578724325
E0E1B878-946C-41C2-9D9C-3EE9D1AD30C0,0.0-0.0,0.35865283424960914,0.09445543539156735,0.21366471596045722,0.09445543539156735
E0E1B878-946C-41C2-9D9C-3EE9D1AD30C0,0.25-0.0,0.31408256513983723,0.12739602208551884,0.2402419096297156,0.12739602208551884
E0E1B878-946C-41C2-9D9C-3EE9D1AD30C0,0.25-0.5,0.3828205903410984,0.11960543523861909,0.26961657102732545,0.11960543523861909
E0E1B878-946C-41C2-9D9C-3EE9D1AD30C0,0.25-1.0,0.3205708135989609,0.09610857729415205,0.24299597851973276,0.09610857729415205
E0E1B878-946C-41C2-9D9C-3EE9D1AD30C0,0.5-0.0,0.42078700185479245,0.12798575257617847,0.3720156946574922,0.12798575257617847
E0E1B878-946C-41C2-9D9C-3EE9D1AD30C0,0.5-0.5,0.4595443307317006,0.13489833379337857,0.4394134696120471,0.13489833379337857
E0E1B878-946C-41C2-9D9C-3EE9D1AD30C0,0.5-1.0,0.36735907288203645,0.13223437097569177,0.3180881384484081,0.13223437097569177
19B63E48-975D-4E5F-88C1-3E3B733A5573,0.0-0.0,0.3726973625430666,0.08428071163656474,0.17209401870838106,0.08428071163656474
19B63E48-975D-4E5F-88C1-3E3B733A5573,0.25-0.0,0.28040671778175064,0.11397950980384138,0.20352983023860607,0.11397950980384138
19B63E48-975D-4E5F-88C1-3E3B733A5573,0.25-0.5,0.5019999638410979,0.11347900555708029,0.2970985398465359,0.11347900555708029
19B63E48-975D-4E5F-88C1-3E3B733A5573,0.25-1.0,0.3160466046766529,0.10767156262668941,0.23102409170816451,0.10767156262668941
19B63E48-975D-4E5F-88C1-3E3B733A5573,0.5-0.0,0.4912443943157614,0.12883803399349844,0.38520048670820284,0.12883803399349844
19B63E48-975D-4E5F-88C1-3E3B733A5573,0.5-0.5,0.3189618884539597,0.13152026996393285,0.4453752617621209,0.13152026996393285
19B63E48-975D-4E5F-88C1-3E3B733A5573,0.5-1.0,0.4332386465930335,0.12426026972948537,0.30362264664998373,0.12426026972948537
CDCD13D1-5ACF-4E14-AA56-9839D4148E16,0.0-0.0,0.34726301256683484,0.0887975340358425,0.20987242486066565,0.0887975340358425
CDCD13D1-5ACF-4E14-AA56-9839D4148E16,0.25-0.0,0.39180944339879664,0.09554460368984014,0.31275468555447977,0.09554460368984014
CDCD13D1-5ACF-4E14-AA56-9839D4148E16,0.25-0.5,0.2954150039935477,0.10444921779222532,0.2459936317623604,0.10444921779222532
CDCD13D1-5ACF-4E14-AA56-9839D4148E16,0.25-1.0,0.38426224342734855,0.10610752845796169,0.2268519521129898,0.10610752845796169
CDCD13D1-5ACF-4E14-AA56-9839D4148E16,0.5-0.0,0.5715771822147605,0.13145512152071875,0.3347751120231681,0.13145512152071875
CDCD13D1-5ACF-4E14-AA56-9839D4148E16,0.5-0.5,0.2503691524348706,0.12388246253789831,0.29471577293038553,0.12388246253789831
CDCD13D1-5ACF-4E14-AA56-9839D4148E16,0.5-1.0,0.2576618071635782,0.1382275417432014,0.32932746670172874,0.1382275417432014
BBABBB85-36CE-495E-9355-04980145FCF3,0.0-0.0,0.37389637055560454,0.09170662572347228,0.2376831793425806,0.09170662572347228
BBABBB85-36CE-495E-9355-04980145FCF3,0.25-0.0,0.3964666876377798,0.12242450738707697,0.26896646012176395,0.12242450738707697
BBABBB85-36CE-495E-9355-04980145FCF3,0.25-0.5,0.3955357563565246,0.12473340760573995,0.2901472636422894,0.12473340760573995
BBABBB85-36CE-495E-9355-04980145FCF3,0.25-1.0,0.36488456566865607,0.10474033352224553,0.23594219302832242,0.10474033352224553
BBABBB85-36CE-495E-9355-04980145FCF3,0.5-0.0,0.2772878029649345,0.12981692995299746,0.3615579843443413,0.12981692995299746
BBABBB85-36CE-495E-9355-04980145FCF3,0.5-0.5,0.26792461734232537,0.11791887671903821,0.31935321724306953,0.11791887671903821
BBABBB85-36CE-495E-9355-04980145FCF3,0.5-1.0,0.31408290623536156,0.11437987055305242,0.276436845923687,0.11437987055305242