uuid,number of vertices,maximum cartographic error,average cartographic error,maximum polygon complexity,average polygon complexity
4D721EDD-2FAD-49F4-875C-A0945C9A0471,10,0.24110492303775688,0.08351284576611623,0.14467650958658335,0.08351284576611623
4D721EDD-2FAD-49F4-875C-A0945C9A0471,15,0.44605767438353844,0.12188421449138588,0.23189702017275243,0.12188421449138588
4D721EDD-2FAD-49F4-875C-A0945C9A0471,20,0.341530163866054,0.10832405624756695,0.3141433323917814,0.10832405624756695
4D721EDD-2FAD-49F4-875C-A0945C9A0471,25,0.29883419656781285,0.10254089478881957,0.21896947802804984,0.10254089478881957
4D721EDD-2FAD-49F4-875C-A0945C9A0471,30,0.6398858060230698,0.0988913936902644,0.24362562418716177,0.0988913936902644
3052AEDB-2B8F-4821-A91A-47513BA26DEB,10,0.42914430478711746,0.1172689582281375,0.253886873862036,0.1172689582281375
3052AEDB-2B8F-4821-A91A-47513BA26DEB,15,0.44138576790651995,0.11544848627212405,0.2381623684494273,0.11544848627212405
3052AEDB-2B8F-4821-A91A-47513BA26DEB,20,0.444050431824528,0.11553269317642918,0.2614269969912755,0.11553269317642918
3052AEDB-2B8F-4821-A91A-47513BA26DEB,25,0.4212656325496838,0.12155774069484612,0.29786103008525755,0.12155774069484612
3052AEDB-2B8F-4821-A91A-47513BA26DEB,30,0.368611088554331,0.11340780057553415,0.28095044476818626,0.11340780057553415
B78027F8-1112-454B-BF89-C30F71C6BC55,10,0.24916982506244315,0.10767480243626264,0.16648204353915397,0.10767480243626264
B78027F8-1112-454B-BF89-C30F71C6BC55,15,0.4303464402718629,0.13175905315872688,0.3056029368046245,0.13175905315872688
B78027F8-1112-454B-BF89-C30F71C6BC55,20,0.4679863184438709,0.11222324775485346,0.29265840017912353,0.11222324775485346
B78027F8-1112-454B-BF89-C30F71C6BC55,25,0.3064499091319726,0.10658964163239266,0.2276869672309983,0.10658964163239266
B78027F8-1112-454B-BF89-C30F71C6BC55,30,0.5493705732857891,0.1190703394548574,0.32378611711509114,0.1190703394548574
CFF4725C-241F-4F0D-8E38-3D45933FB1B6,10,0.43321637401139684,0.11212417717415939,0.24172013203851295,0.11212417717415939
CFF4725C-241F-4F0D-8E38-3D45933FB1B6,15,0.5341877542506636,0.1461227377995753,0.2508527408728031,0.1461227377995753
CFF4725C-241F-4F0D-8E38-3D45933FB1B6,20,0.4092044024243207,0.11496318355971198,0.2602418251182585,0.11496318355971198
CFF4725C-241F-4F0D-8E38-3D45933FB1B6,25,0.4710968793702766,0.11745419691999492,0.206882339909437,0.11745419691999492
CFF4725C-241F-4F0D-8E38-3D45933FB1B6,30,0.3522041028996138,0.10919394853358538,0.2817997292412593,0.10919394853358538
1F171CDF-484F-4AA0-B568-2E8B28EDFAFC,10,0.2652130510920457,0.1186301517306636,0.2335450952276658,0.1186301517306636
1F171CDF-484F-4AA0-B568-2E8B28EDFAFC,15,0.33236586542457397,0.11271372876319562,0.26998082568416,0.11271372876319562
1F171CDF-484F-4AA0-B568-2E8B28EDFAFC,20,0.4607203431759648,0.10655173194275543,0.2504066633090156,0.10655173194275543
1F171CDF-484F-4AA0-B568-2E8B28EDFAFC,25,0.37920911833847215,0.11996010580848268,0.2552060053932622,0.11996010580848268
1F171CDF-484F-4AA0-B568-2E8B28EDFAFC,30,0.40393924914952906,0.10652822015114113,0.2617773668289227,0.10652822015114113
3A81A32A-C893-4B1E-AC74-A8FE60E3760A,10,0.3183340713845076,0.09344033648098136,0.20095456824684052,0.09344033648098136
3A81A32A-C893-4B1E-AC74-A8FE60E3760A,15,0.2986413930684346,0.08587329191490829,0.17211990750190376,0.08587329191490829
3A81A32A-C893-4B1E-AC74-A8FE60E3760A,20,0.4233192005024037,0.10362188790698149,0.19462957167887485,0.10362188790698149
3A81A32A-C893-4B1E-AC74-A8FE60E3760A,25,0.26782581907744246,0.0909262939246454,0.24776898227762215,0.0909262939246454
3A81A32A-C893-4B1E-AC74-A8FE60E3760A,30,0.36440294316677757,0.11141466866812733,0.252711939522908,0.11141466866812733
1150B156-3AD6-406A-808B-CCBD3CC5DD1D,10,0.2645669441352877,0.10841873705033617,0.21905299886839014,0.10841873705033617
1150B156-3AD6-406A-808B-CCBD3CC5DD1D,15,0.5035846019849732,0.08940000272944613,0.16802269541841017,0.08940000272944613
1150B156-3AD6-406A-808B-CCBD3CC5DD1D,20,0.29620619307354823,0.12887985836222776,0.2603220848050919,0.12887985836222776
1150B156-3AD6-406A-808B-CCBD3CC5DD1D,25,0.45355857323817855,0.11424986655974319,0.30396399699171495,0.11424986655974319
1150B156-3AD6-406A-808B-CCBD3CC5DD1D,30,0.3490436812237316,0.11861860882712003,0.26122277774372005,0.11861860882712003
88F1EBAD-5195-4066-986D-8F5C55B30E9F,10,0.29407576077045405,0.12923008376245004,0.2973466733570848,0.12923008376245004
88F1EBAD-5195-4066-986D-8F5C55B30E9F,15,0.43387507083064625,0.09840030717335936,0.23941590755418446,0.09840030717335936
88F1EBAD-5195-4066-986D-8F5C55B30E9F,20,0.34839927636811496,0.11594824059827553,0.31455008645189597,0.11594824059827553
88F1EBAD-5195-4066-986D-8F5C55B30E9F,25,0.42058933605090626,0.13320759479085514,0.2600034165802522,0.13320759479085514
88F1EBAD-5195-4066-986D-8F5C55B30E9F,30,0.4115480142086271,0.10289112251239861,0.24247762624246533,0.10289112251239861
6D4B1D8B-7B4C-442C-B41F-2A6EAC4124E1,10,0.26113583647651323,0.11139650305691577,0.2084292903595612,0.11139650305691577
6D4B1D8B-7B4C-442C-B41F-2A6EAC4124E1,15,0.25508252767099643,0.1331837528450537,0.26347076817546367,0.1331837528450537
6D4B1D8B-7B4C-442C-B41F-2A6EAC4124E1,20,0.36786135263543385,0.10042654649123275,0.19566535147033134,0.10042654649123275
6D4B1D8B-7B4C-442C-B41F-2A6EAC4124E1,25,0.43744205967695565,0.09426372611178926,0.2262852919237443,0.09426372611178926
6D4B1D8B-7B4C-442C-B41F-2A6EAC4124E1,30,0.4976413048428792,0.13251701700102803,0.3593407216144666,0.13251701700102803
0193712D-1640-404A-A12D-D4E5B546EA54,10,0.4293925302565292,0.11600604362543959,0.231265207197781,0.11600604362543959
0193712D-1640-404A-A12D-D4E5B546EA54,15,0.5640789026624704,0.10619865548467361,0.25670637380556177,0.10619865548467361
0193712D-1640-404A-A12D-D4E5B546EA54,20,0.3616299685755535,0.10225547418814751,0.1845890329145658,0.10225547418814751
0193712D-1640-404A-A12D-D4E5B546EA54,25,0.45294272969580646,0.10418204924137403,0.27989768941004534,0.10418204924137403
0193712D-1640-404A-A12D-D4E5B546EA54,30,0.43466596027216337,0.11616624749698615,0.34048648911263957,0.11616624749698615
AE097F3A-14FD-4735-A19B-8FD343CA3346,10,0.378969244992353,0.11088721685841264,0.1916562069977995,0.11088721685841264
AE097F3A-14FD-4735-A19B-8FD343CA3346,15,0.3928845088078585,0.1279329777020428,0.24534926306722493,0.1279329777020428
AE097F3A-14FD-4735-A19B-8FD343CA3346,20,0.3050997924145134,0.09244509707120459,0.20729499319429617,0.09244509707120459
AE097F3A-14FD-4735-A19B-8FD343CA3346,25,0.5034182813580903,0.10612468799265909,0.2755509530582122,0.10612468799265909
AE097F3A-14FD-4735-A19B-8FD343CA3346,30,0.5242711857682546,0.13280885951887736,0.3153001123697622,0.13280885951887736
BA5C1BDF-5737-4AB3-985F-84FF834B8FCB,10,0.25899920171075386,0.09999246084185322,0.20644176436318,0.09999246084185322
BA5C1BDF-5737-4AB3-985F-84FF834B8FCB,15,0.21493767427945873,0.11581163298288547,0.24458527350203724,0.11581163298288547
BA5C1BDF-5737-4AB3-985F-84FF834B8FCB,20,0.4267210968638645,0.10225796836053012,0.2837508795549305,0.10225796836053012
BA5C1BDF-5737-4AB3-985F-84FF834B8FCB,25,0.41220870756438466,0.10847652090686381,0.20711822020836662,0.10847652090686381
BA5C1BDF-5737-4AB3-985F-84FF834B8FCB,30,0.29815703712349456,0.10769352260118409,0.20586569769230958,0.10769352260118409
2886E716-6F57-4E8A-B53F-7103ACB7161D,10,0.3471166125919237,0.13506389499718538,0.23647243766677745,0.13506389499718538
2886E716-6F57-4E8A-B53F-7103ACB7161D,15,0.20606911101027334,0.09834630971398653,0.21322063383536674,0.09834630971398653
2886E716-6F57-4E8A-B53F-7103ACB7161D,20,0.2505786066670157,0.09844250826277547,0.19787412502699483,0.09844250826277547
2886E716-6F57-4E8A-B53F-7103ACB7161D,25,0.45594717055430006,0.10273370946322835,0.22830277371809202,0.10273370946322835
2886E716-6F57-4E8A-B53F-7103ACB7161D,30,0.5180313193806149,0.11820419002731898,0.2843172731670903,0.11820419002731898
DD20AE4C-5A31-4570-8795-DE91A8DE0921,10,0.19273552119314444,0.05689348209902196,0.07466838456421483,0.05689348209902196
DD20AE4C-5A31-4570-8795-DE91A8DE0921,15,0.32572296013568264,0.09803828163758145,0.19349436654804358,0.09803828163758145
DD20AE4C-5A31-4570-8795-DE91A8DE0921,20,0.4201061004649332,0.1051021846363487,0.26727249326773683,0.1051021846363487
DD20AE4C-5A31-4570-8795-DE91A8DE0921,25,0.38826195049535706,0.1278959482439621,0.2509207478762393,0.1278959482439621
DD20AE4C-5A31-4570-8795-DE91A8DE0921,30,0.38827307181314374,0.09580593661044473,0.30563844526327044,0.09580593661044473
33E80DFD-9C63-476A-8236-0B098791DD4B,10,0.22434695047170147,0.09936298929574242,0.21794222634376037,0.09936298929574242
33E80DFD-9C63-476A-8236-0B098791DD4B,15,0.32004527276273326,0.12327618493238562,0.27536769451644627,0.12327618493238562
33E80DFD-9C63-476A-8236-0B098791DD4B,20,0.4013472183591578,0.08801864667374384,0.1900515645347151,0.08801864667374384
33E80DFD-9C63-476A-8236-0B098791DD4B,25,0.5265691631907844,0.11510239011860172,0.2552788547409719,0.11510239011860172
33E80DFD-9C63-476A-8236-0B098791DD4B,30,0.558133576326877,0.11290239899973352,0.30985513775856877,0.11290239899973352
2C38D3D3-1411-4EAB-B1A1-6FE6CA06E6DD,10,0.3151035058176471,0.1236907776780484,0.2791070276383056,0.1236907776780484
2C38D3D3-1411-4EAB-B1A1-6FE6CA06E6DD,15,0.3696857694390237,0.11232728270499102,0.22739179054230957,0.11232728270499102
2C38D3D3-1411-4EAB-B1A1-6FE6CA06E6DD,20,0.4496496352043903,0.1087873052215671,0.23391782090249996,0.1087873052215671
2C38D3D3-1411-4EAB-B1A1-6FE6CA06E6DD,25,0.3411083930535858,0.11251708274469982,0.293470648950355,0.11251708274469982
2C38D3D3-1411-4EAB-B1A1-6FE6CA06E6DD,30,0.4073080881250379,0.11323935779236106,0.2196404294024591,0.11323935779236106
929FBCAD-3B11-464C-82C3-1FEB4D11ABF9,10,0.2710636883152059,0.09779537190023095,0.14443688866018742,0.09779537190023095
929FBCAD-3B11-464C-82C3-1FEB4D11ABF9,15,0.32578121319014697,0.10893907594269654,0.24409290153699126,0.10893907594269654
929FBCAD-3B11-464C-82C3-1FEB4D11ABF9,20,0.3158980930852979,0.10243010225780315,0.19418736458284513,0.10243010225780315
929FBCAD-3B11-464C-82C3-1FEB4D11ABF9,25,0.3797955481452293,0.11442906948407294,0.2122101142287727,0.11442906948407294
929FBCAD-3B11-464C-82C3-1FEB4D11ABF9,30,0.3199064106618584,0.11097973917546725,0.23165641381212856,0.11097973917546725
0FB8D70F-0583-4C8A-9708-886CBD0A2C86,10,0.1910849201272171,0.10509977550336191,0.1832226328519121,0.10509977550336191
0FB8D70F-0583-4C8A-9708-886CBD0A2C86,15,0.4349455901385982,0.14669566858406413,0.27500130821214236,0.14669566858406413
0FB8D70F-0583-4C8A-9708-886CBD0A2C86,20,0.31425370354115756,0.10015114118791117,0.2984265472266491,0.10015114118791117
0FB8D70F-0583-4C8A-9708-886CBD0A2C86,25,0.45294633291208763,0.12223468770589442,0.26816717941993157,0.12223468770589442
0FB8D70F-0583-4C8A-9708-886CBD0A2C86,30,0.3764043401885616,0.10913658134300677,0.28811819221464363,0.10913658134300677
688A5027-C60F-47BA-8ED0-3D5E12DBE1CF,10,0.41820812853013306,0.10116973033950825,0.2021547484226401,0.10116973033950825
688A5027-C60F-47BA-8ED0-3D5E12DBE1CF,15,0.19238656077179903,0.08995359360343565,0.16027951450162933,0.08995359360343565
688A5027-C60F-47BA-8ED0-3D5E12DBE1CF,20,0.4800009826364296,0.10323276268289754,0.1871908828135777,0.10323276268289754
688A5027-C60F-47BA-8ED0-3D5E12DBE1CF,25,0.3502264580100922,0.11477800404574828,0.24349059502379022,0.11477800404574828
688A5027-C60F-47BA-8ED0-3D5E12DBE1CF,30,0.30421626688814196,0.10502850511295399,0.2623494403226494,0.10502850511295399
BD65FBA0-91F9-45F8-9F53-C7649DB903BC,10,0.3655066100304402,0.11241633150737695,0.18676658028774032,0.11241633150737695
BD65FBA0-91F9-45F8-9F53-C7649DB903BC,15,0.31261420757303343,0.10956809988956162,0.2389946939689676,0.10956809988956162
BD65FBA0-91F9-45F8-9F53-C7649DB903BC,20,0.32245168899671045,0.10634841495363544,0.19264624012889708,0.10634841495363544
BD65FBA0-91F9-45F8-9F53-C7649DB903BC,25,0.35867380763389173,0.11990799503584755,0.281718565667313,0.11990799503584755
BD65FBA0-91F9-45F8-9F53-C7649DB903BC,30,0.5658431665837025,0.11025865285212429,0.23450315324123922,0.11025865285212429
4C84D073-8E95-4BB3-924D-8AE018CB08EB,10,0.3014895512109105,0.10817095218939039,0.17865394768001674,0.10817095218939039
4C84D073-8E95-4BB3-924D-8AE018CB08EB,15,0.26048542161826305,0.11397884532031409,0.22964345218677196,0.11397884532031409
4C84D073-8E95-4BB3-924D-8AE018CB08EB,20,0.27880831304996617,0.12608388228840023,0.2928984560050955,0.12608388228840023
4C84D073-8E95-4BB3-924D-8AE018CB08EB,25,0.5349293044470885,0.11965176869910177,0.2572684975347116,0.11965176869910177
4C84D073-8E95-4BB3-924D-8AE018CB08EB,30,0.6298273342200554,0.12824357196346287,0.3267540236814071,0.12824357196346287
FCBF54B7-09CA-4474-9904-AAA005AF6544,10,0.18388188307517817,0.10886184206081714,0.1829771136705524,0.10886184206081714
FCBF54B7-09CA-4474-9904-AAA005AF6544,15,0.32429561077092833,0.0932857109597935,0.19752273937141201,0.0932857109597935
FCBF54B7-09CA-4474-9904-AAA005AF6544,20,0.3515476162714143,0.12371422035680975,0.25359226980499167,0.12371422035680975
FCBF54B7-09CA-4474-9904-AAA005AF6544,25,0.47453962724439935,0.1067321037050747,0.20500045914769183,0.1067321037050747
FCBF54B7-09CA-4474-9904-AAA005AF6544,30,0.6662167598884575,0.11077760798213189,0.2889376048429271,0.11077760798213189
C1C05787-D1E3-4734-807C-BFAB45E984A2,10,0.39595140882334623,0.12077461583176413,0.2626457245150893,0.12077461583176413
C1C05787-D1E3-4734-807C-BFAB45E984A2,15,0.43980279872837746,0.10534937385941243,0.20517587385117975,0.10534937385941243
C1C05787-D1E3-4734-807C-BFAB45E984A2,20,0.611095462030739,0.11705111399340018,0.30674770527468165,0.11705111399340018
C1C05787-D1E3-4734-807C-BFAB45E984A2,25,0.3818858753357993,0.10199787407062169,0.26227857944299793,0.10199787407062169
C1C05787-D1E3-4734-807C-BFAB45E984A2,30,0.4904853842220613,0.11467322666429407,0.251127666529123,0.11467322666429407
25DA8B31-EB27-4DCB-B297-2BE08EEF72C1,10,0.30013222902122544,0.09059473385057606,0.15641591435657312,0.09059473385057606
25DA8B31-EB27-4DCB-B297-2BE08EEF72C1,15,0.3294232140302489,0.1181329571108251,0.23156394960603832,0.1181329571108251
25DA8B31-EB27-4DCB-B297-2BE08EEF72C1,20,0.4976469390301407,0.11541623456648867,0.25220372856946716,0.11541623456648867
25DA8B31-EB27-4DCB-B297-2BE08EEF72C1,25,0.36162134617139247,0.1221971329807975,0.31179155818534154,0.1221971329807975
25DA8B31-EB27-4DCB-B297-2BE08EEF72C1,30,0.3626776954939348,0.10247725573789895,0.2370291740657054,0.10247725573789895
5DC110BD-9E5E-4EF2-907F-A4DB678D6F21,10,0.32340765265176374,0.12956864796937406,0.26821482689532616,0.12956864796937406
5DC110BD-9E5E-4EF2-907F-A4DB678D6F21,15,0.27945993098467325,0.14123776876955435,0.32671202575672054,0.14123776876955435
5DC110BD-9E5E-4EF2-907F-A4DB678D6F21,20,0.40620556440215905,0.10906363613033103,0.23951251834575427,0.10906363613033103
5DC110BD-9E5E-4EF2-907F-A4DB678D6F21,25,0.4028076676273947,0.12194499188549185,0.26870176369701704,0.12194499188549185
5DC110BD-9E5E-4EF2-907F-A4DB678D6F21,30,0.4125614776448426,0.11930445135288172,0.30087973362952936,0.11930445135288172
C93C6541-BAB5-42DE-9AA3-62F7A0055BCD,10,0.2139502243417974,0.10348239646365895,0.19506846944624706,0.10348239646365895
C93C6541-BAB5-42DE-9AA3-62F7A0055BCD,15,0.40873980021819667,0.11015394040645284,0.23886176262505454,0.11015394040645284
C93C6541-BAB5-42DE-9AA3-62F7A0055BCD,20,0.3661509367167303,0.10694803018649643,0.22611446100454147,0.10694803018649643
C93C6541-BAB5-42DE-9AA3-62F7A0055BCD,25,0.40077200509798616,0.12813876561296936,0.3423353098602376,0.12813876561296936
C93C6541-BAB5-42DE-9AA3-62F7A0055BCD,30,0.29533931302729427,0.11176802967197337,0.2298749051759303,0.11176802967197337
2E53CBA1-5B2A-407B-9240-BB186CD48E7B,10,0.4399734761863941,0.07981093947715479,0.17355338490442776,0.07981093947715479
2E53CBA1-5B2A-407B-9240-BB186CD48E7B,15,0.28679448788676637,0.10860272231201225,0.23806913556200637,0.10860272231201225
2E53CBA1-5B2A-407B-9240-BB186CD48E7B,20,0.39984663273797016,0.11697730167011443,0.22777946698677398,0.11697730167011443
2E53CBA1-5B2A-407B-9240-BB186CD48E7B,25,0.7028205651715377,0.11375051505402879,0.22417225894675546,0.11375051505402879
2E53CBA1-5B2A-407B-9240-BB186CD48E7B,30,0.3889075763159494,0.10557809395158642,0.24664670902122277,0.10557809395158642
D3540F81-5976-4DCE-A5FE-A519347B6933,10,0.23523454895568863,0.11178567603421634,0.18280848239911018,0.11178567603421634
D3540F81-5976-4DCE-A5FE-A519347B6933,15,0.23624481942574793,0.12498729314819963,0.2833853439820502,0.12498729314819963
D3540F81-5976-4DCE-A5FE-A519347B6933,20,0.4074456496262787,0.11593899211383552,0.2718539346520922,0.11593899211383552
D3540F81-5976-4DCE-A5FE-A519347B6933,25,0.3829114442302541,0.11960996527378231,0.24112775587436275,0.11960996527378231
D3540F81-5976-4DCE-A5FE-A519347B6933,30,0.47543903779646224,0.12439234694508802,0.27109040028068937,0.12439234694508802
A8DA2486-AF5A-4D19-8D7E-A9BB169BE4C3,10,0.2685899668529422,0.09871475497956869,0.2091103849772612,0.09871475497956869
A8DA2486-AF5A-4D19-8D7E-A9BB169BE4C3,15,0.26326154428774823,0.09142966183952221,0.1514774778226039,0.09142966183952221
A8DA2486-AF5A-4D19-8D7E-A9BB169BE4C3,20,0.33832020679794494,0.10511811823725421,0.21027629432253309,0.10511811823725421
A8DA2486-AF5A-4D19-8D7E-A9BB169BE4C3,25,0.5471008993021768,0.11856256705213375,0.28083938370493283,0.11856256705213375
A8DA2486-AF5A-4D19-8D7E-A9BB169BE4C3,30,0.40312853009194083,0.11216054652138997,0.2945114799778286,0.11216054652138997
8EA9AE03-E00B-453E-A3E1-DCF6994E816F,10,0.2889796248379324,0.08954224775544929,0.18804284950094616,0.08954224775544929
8EA9AE03-E00B-453E-A3E1-DCF6994E816F,15,0.3640389916182218,0.12720582736747066,0.2783595437087071,0.12720582736747066
8EA9AE03-E00B-453E-A3E1-DCF6994E816F,20,0.2889864380240574,0.10206114044915028,0.1883767559064208,0.10206114044915028
8EA9AE03-E00B-453E-A3E1-DCF6994E816F,25,0.46186712958770826,0.11675572263527473,0.2506876148079745,0.11675572263527473
8EA9AE03-E00B-453E-A3E1-DCF6994E816F,30,0.42014382953265034,0.11270228007291955,0.26041033565053023,0.11270228007291955
1DC5B498-B4DB-4C02-9254-C5A6F15C6935,10,0.36714498185751104,0.1264218411845364,0.23523491205383454,0.1264218411845364
1DC5B498-B4DB-4C02-9254-C5A6F15C6935,15,0.397221283761359,0.10416991309100396,0.2000934041439596,0.10416991309100396
1DC5B498-B4DB-4C02-9254-C5A6F15C6935,20,0.2626258416864207,0.11516906484124806,0.29206788612093626,0.11516906484124806
1DC5B498-B4DB-4C02-9254-C5A6F15C6935,25,0.3814727511102918,0.09691145520162635,0.2357471938396675,0.09691145520162635
1DC5B498-B4DB-4C02-9254-C5A6F15C6935,30,0.37264045153748365,0.11760664778736316,0.26849755723603397,0.11760664778736316
E61AE0B0-5397-480D-869C-B4F4913C6FB3,10,0.5729900340999325,0.13070886641388244,0.29140143420946096,0.13070886641388244
E61AE0B0-5397-480D-869C-B4F4913C6FB3,15,0.3761588339065683,0.12167122072828428,0.21858657481225868,0.12167122072828428
E61AE0B0-5397-480D-869C-B4F4913C6FB3,20,0.3982246909027613,0.12010890023827671,0.2919682236912989,0.12010890023827671
E61AE0B0-5397-480D-869C-B4F4913C6FB3,25,0.469693961828012,0.11967764144169013,0.2596536650911635,0.11967764144169013
E61AE0B0-5397-480D-869C-B4F4913C6FB3,30,0.4288471950618949,0.10646497934770263,0.26196570111097484,0.10646497934770263
BBE460B8-7C6C-42C9-9000-99A904F85535,10,0.26876678815750404,0.1375454234841475,0.29879778851169003,0.1375454234841475
BBE460B8-7C6C-42C9-9000-99A904F85535,15,0.4158229755759356,0.12314015435983232,0.2745386175725817,0.12314015435983232
BBE460B8-7C6C-42C9-9000-99A904F85535,20,0.36473415739312204,0.10728352265909406,0.21949118728965417,0.10728352265909406
BBE460B8-7C6C-42C9-9000-99A904F85535,25,0.5201167829502541,0.09781064239872471,0.2515984161778867,0.09781064239872471
BBE460B8-7C6C-42C9-9000-99A904F85535,30,0.3755908844783033,0.10855458535506801,0.25146481919655395,0.10855458535506801
9D6583F4-4069-4D81-BAA6-17C259EF5759,10,0.2600611686793167,0.10273228641218785,0.17798130256565498,0.10273228641218785
9D6583F4-4069-4D81-BAA6-17C259EF5759,15,0.36557073594161793,0.10036560893540038,0.22229490952175435,0.10036560893540038
9D6583F4-4069-4D81-BAA6-17C259EF5759,20,0.2876752086090719,0.09489331774241021,0.16568025451718216,0.09489331774241021
9D6583F4-4069-4D81-BAA6-17C259EF5759,25,0.45911247090323337,0.11075766934140681,0.30259050299520396,0.11075766934140681
9D6583F4-4069-4D81-BAA6-17C259EF5759,30,0.44730491652071896,0.11186981709164388,0.2675388697298308,0.11186981709164388
96224CCE-8232-4CB3-8238-7B2047277C71,10,0.1972540080843551,0.1257614289108068,0.33968624529656954,0.1257614289108068
96224CCE-8232-4CB3-8238-7B2047277C71,15,0.3197678273344523,0.10865683378289058,0.2166644817756581,0.10865683378289058
96224CCE-8232-4CB3-8238-7B2047277C71,20,0.34101331048436584,0.10431055917809917,0.2532195206225204,0.10431055917809917
96224CCE-8232-4CB3-8238-7B2047277C71,25,0.5393410484733995,0.11534793431049492,0.30427178549968825,0.11534793431049492
96224CCE-8232-4CB3-8238-7B2047277C71,30,0.5173285889249333,0.11486046313731323,0.23720763243945187,0.11486046313731323
A0F99AED-1D50-47D5-A857-4DEE3A922B9E,10,0.4748775278426179,0.13287435922051774,0.23927680533599727,0.13287435922051774
A0F99AED-1D50-47D5-A857-4DEE3A922B9E,15,0.2959915607324981,0.08822503464295023,0.23759861895389833,0.08822503464295023
A0F99AED-1D50-47D5-A857-4DEE3A922B9E,20,0.3107918620232979,0.11730815278444814,0.2364127227869042,0.11730815278444814
A0F99AED-1D50-47D5-A857-4DEE3A922B9E,25,0.4137735603551079,0.11358848511170555,0.24220734857890117,0.11358848511170555
A0F99AED-1D50-47D5-A857-4DEE3A922B9E,30,0.31066477187907493,0.09069416503826593,0.22607350716643593,0.09069416503826593
8AA9CCFA-5409-49FE-881D-3616F4AD182E,10,0.33433261306132217,0.09409816071659012,0.1657166864915911,0.09409816071659012
8AA9CCFA-5409-49FE-881D-3616F4AD182E,15,0.43937824809540516,0.11875407234115445,0.22590900252051538,0.11875407234115445
8AA9CCFA-5409-49FE-881D-3616F4AD182E,20,0.46555958693477284,0.10625269534194948,0.22628924352413782,0.10625269534194948
8AA9CCFA-5409-49FE-881D-3616F4AD182E,25,0.42227267670195995,0.10701579345750242,0.28637394845167485,0.10701579345750242
8AA9CCFA-5409-49FE-881D-3616F4AD182E,30,0.3817217384162631,0.11204411196572235,0.25929980134266356,0.11204411196572235
23597F7E-0DDB-4832-9E43-B693655D2B89,10,0.2494209479838148,0.10529015849908686,0.23184878671511702,0.10529015849908686
23597F7E-0DDB-4832-9E43-B693655D2B89,15,0.300009324314743,0.09856390831894862,0.21498245829989146,0.09856390831894862
23597F7E-0DDB-4832-9E43-B693655D2B89,20,0.3191812827090666,0.10886738577026518,0.22632911663653693,0.10886738577026518
23597F7E-0DDB-4832-9E43-B693655D2B89,25,0.37922095190651584,0.12496587400787723,0.2387204429661154,0.12496587400787723
23597F7E-0DDB-4832-9E43-B693655D2B89,30,0.4550998345920149,0.09891436199628954,0.23849961106608394,0.09891436199628954
7DCE324B-A498-4EF6-BD28-9DC4B1675BE1,10,0.45622811163525573,0.1208812424026477,0.23798381773208366,0.1208812424026477
7DCE324B-A498-4EF6-BD28-9DC4B1675BE1,15,0.31711411630152764,0.1077087811391236,0.2336602538799299,0.1077087811391236
7DCE324B-A498-4EF6-BD28-9DC4B1675BE1,20,0.3618456418275301,0.11597250148147131,0.29362268323178725,0.11597250148147131
7DCE324B-A498-4EF6-BD28-9DC4B1675BE1,25,0.33954790604444507,0.11119093355843297,0.21176184517991348,0.11119093355843297
7DCE324B-A498-4EF6-BD28-9DC4B1675BE1,30,0.516263989875695,0.1337301243757569,0.3040950514756805,0.1337301243757569
224E989D-6283-49B7-BB40-371258CA926A,10,0.28074175529284107,0.10443397003044742,0.15708098158354517,0.10443397003044742
224E989D-6283-49B7-BB40-371258CA926A,15,0.3020086049053745,0.09946950312901547,0.19063081292931627,0.09946950312901547
224E989D-6283-49B7-BB40-371258CA926A,20,0.36758638811907085,0.11455443907392698,0.20327060462839852,0.11455443907392698
224E989D-6283-49B7-BB40-371258CA926A,25,0.4732328816878768,0.1113225501729332,0.23978502358714485,0.1113225501729332
224E989D-6283-49B7-BB40-371258CA926A,30,0.6578624135236787,0.12265302900920645,0.22782374225162766,0.12265302900920645
AAC55A88-9E88-47D2-AF57-2D1EB4C18868,10,0.461700512414868,0.09784605426998735,0.231994142148479,0.09784605426998735
AAC55A88-9E88-47D2-AF57-2D1EB4C18868,15,0.33991188487168245,0.10495195630406141,0.2235590959026632,0.10495195630406141
AAC55A88-9E88-47D2-AF57-2D1EB4C18868,20,0.39186213363413075,0.1135918956104826,0.23691982246451165,0.1135918956104826
AAC55A88-9E88-47D2-AF57-2D1EB4C18868,25,0.34828286129351926,0.10080325132693074,0.26704397335013735,0.10080325132693074
AAC55A88-9E88-47D2-AF57-2D1EB4C18868,30,0.3432060349725901,0.11154152095454796,0.33685530468224667,0.11154152095454796
8BA49448-6387-4560-97DD-75ED6456D348,10,0.33566101832314416,0.12069185749615374,0.35299374371162573,0.12069185749615374
8BA49448-6387-4560-97DD-75ED6456D348,15,0.38304497678133365,0.12128630276660941,0.2688152088143212,0.12128630276660941
8BA49448-6387-4560-97DD-75ED6456D348,20,0.4596461016113788,0.1032842784639959,0.23730574351211908,0.1032842784639959
8BA49448-6387-4560-97DD-75ED6456D348,25,0.5263758445803772,0.12593036558334172,0.2771428211405645,0.12593036558334172
8BA49448-6387-4560-97DD-75ED6456D348,30,0.3785171312735046,0.12426655158722165,0.24587549695035438,0.12426655158722165
E7C0FE87-E645-4454-AAF1-B23D68DF55D4,10,0.22810447716137025,0.09347673089814572,0.18958149784535144,0.09347673089814572
E7C0FE87-E645-4454-AAF1-B23D68DF55D4,15,0.35283049686312784,0.11382269765955057,0.25251134277124726,0.11382269765955057
E7C0FE87-E645-4454-AAF1-B23D68DF55D4,20,0.4209358241777712,0.11482630007372278,0.27564537313205306,0.11482630007372278
E7C0FE87-E645-4454-AAF1-B23D68DF55D4,25,0.4395703545822229,0.1157281527788452,0.22300718318782972,0.1157281527788452
E7C0FE87-E645-4454-AAF1-B23D68DF55D4,30,0.41308428901373656,0.1044513771528489,0.28927804036024163,0.1044513771528489
75595E61-6AEE-43BC-9443-072F7FA436B4,10,0.3126079652337081,0.11629406188134635,0.21144302612179508,0.11629406188134635
75595E61-6AEE-43BC-9443-072F7FA436B4,15,0.3344697956630834,0.12621664644417382,0.3290605191435021,0.12621664644417382
75595E61-6AEE-43BC-9443-072F7FA436B4,20,0.2287034561535737,0.11370768167000314,0.2408749519678598,0.11370768167000314
75595E61-6AEE-43BC-9443-072F7FA436B4,25,0.5713091371408137,0.1185400175725795,0.2450969365872701,0.1185400175725795
75595E61-6AEE-43BC-9443-072F7FA436B4,30,0.5048323818384015,0.11250942127178609,0.27487435214391537,0.11250942127178609
6AB444FF-067F-47AA-9914-A67CA3517E92,10,0.2902117989916238,0.11590873245172587,0.23024855394102287,0.11590873245172587
6AB444FF-067F-47AA-9914-A67CA3517E92,15,0.3459424765158585,0.10919866606290686,0.17793636526178203,0.10919866606290686
6AB444FF-067F-47AA-9914-A67CA3517E92,20,0.308828829130628,0.10193733238227724,0.17643737464463505,0.10193733238227724
6AB444FF-067F-47AA-9914-A67CA3517E92,25,0.31297978729452003,0.11111705429493418,0.25780745758672197,0.11111705429493418
6AB444FF-067F-47AA-9914-A67CA3517E92,30,0.35976022676025743,0.11057716661142337,0.26196196984941233,0.11057716661142337
D025E3BB-19E4-4DC8-9186-6A256A1E99DD,10,0.27002409017840345,0.09203226047130103,0.17414936008399065,0.09203226047130103
D025E3BB-19E4-4DC8-9186-6A256A1E99DD,15,0.32854701206788217,0.1250531841284255,0.2861247744354436,0.1250531841284255
D025E3BB-19E4-4DC8-9186-6A256A1E99DD,20,0.4523525590595045,0.12070440121497412,0.2211805799983286,0.12070440121497412
D025E3BB-19E4-4DC8-9186-6A256A1E99DD,25,0.44404753815947284,0.1289438094420896,0.2590883164380014,0.1289438094420896
D025E3BB-19E4-4DC8-9186-6A256A1E99DD,30,0.5048204763123219,0.10789836768263465,0.2175580577737647,0.10789836768263465
F01518ED-BE50-4AE9-A0CE-04FC4543FAAA,10,0.2667077979963088,0.10940036646011325,0.22597276326885313,0.10940036646011325
F01518ED-BE50-4AE9-A0CE-04FC4543FAAA,15,0.46286539449809594,0.1151699284904937,0.2623388189003196,0.1151699284904937
F01518ED-BE50-4AE9-A0CE-04FC4543FAAA,20,0.31279035882205225,0.10399025311024558,0.23638448972547998,0.10399025311024558
F01518ED-BE50-4AE9-A0CE-04FC4543FAAA,25,0.3926745508116437,0.11367766501976416,0.27015816876393706,0.11367766501976416
F01518ED-BE50-4AE9-A0CE-04FC4543FAAA,30,0.512095527649845,0.11862036345720722,0.2903115615386996,0.11862036345720722
D0FBD140-E719-4CA3-AB29-2471FE0671F9,10,0.6425603922416645,0.11747036925987811,0.21180365988536504,0.11747036925987811
D0FBD140-E719-4CA3-AB29-2471FE0671F9,15,0.25363268029135816,0.1167429516109937,0.24035375214976412,0.1167429516109937
D0FBD140-E719-4CA3-AB29-2471FE0671F9,20,0.28163130575342293,0.10667494947521382,0.23168548862092853,0.10667494947521382
D0FBD140-E719-4CA3-AB29-2471FE0671F9,25,0.44179609298131983,0.11843263304881005,0.24853795329635797,0.11843263304881005
D0FBD140-E719-4CA3-AB29-2471FE0671F9,30,0.4838076760663701,0.11905490964441269,0.25431645892780513,0.11905490964441269
9A841901-DFA0-4ECD-A758-87E1C8A1D0D0,10,0.24439817633583044,0.09943963421157859,0.16922246767461188,0.09943963421157859
9A841901-DFA0-4ECD-A758-87E1C8A1D0D0,15,0.43719041743516196,0.13246315563530492,0.3450867523699344,0.13246315563530492
9A841901-DFA0-4ECD-A758-87E1C8A1D0D0,20,0.29085536262948797,0.0967937199909535,0.23965362630395587,0.0967937199909535
9A841901-DFA0-4ECD-A758-87E1C8A1D0D0,25,0.3373401829551778,0.13025019127397777,0.24000755059285311,0.13025019127397777
9A841901-DFA0-4ECD-A758-87E1C8A1D0D0,30,0.37836253489207977,0.12217122378328456,0.26791378498295654,0.12217122378328456
57336097-B341-4203-A209-31CC1E860A9C,10,0.3064964344316813,0.13249869417636662,0.2578030765729983,0.13249869417636662
57336097-B341-4203-A209-31CC1E860A9C,15,0.3081751418004935,0.09924422219797935,0.19125327222326127,0.09924422219797935
57336097-B341-4203-A209-31CC1E860A9C,20,0.39879878429594884,0.12103633530723877,0.2291538667333857,0.12103633530723877
57336097-B341-4203-A209-31CC1E860A9C,25,0.5649031316310937,0.13965788613325925,0.28720653290972264,0.13965788613325925
57336097-B341-4203-A209-31CC1E860A9C,30,0.6443588605109595,0.12287249296335798,0.23278586310795224,0.12287249296335798
1BD205B5-9C49-4550-8C29-CF66EB3841D3,10,0.23796064542753456,0.11231306370693574,0.2240023658457181,0.11231306370693574
1BD205B5-9C49-4550-8C29-CF66EB3841D3,15,0.26946196679941886,0.12443847536241545,0.26808425869926344,0.12443847536241545
1BD205B5-9C49-4550-8C29-CF66EB3841D3,20,0.3240739391515451,0.10793941121453729,0.24563279904012983,0.10793941121453729
1BD205B5-9C49-4550-8C29-CF66EB3841D3,25,0.42557306672059536,0.11823295133981282,0.233389042533532,0.11823295133981282
1BD205B5-9C49-4550-8C29-CF66EB3841D3,30,0.3485551620747549,0.11254515023080408,0.28359032508091203,0.11254515023080408
31A10066-EBA4-4B2B-A9F4-AF029380059A,10,0.30120424017030695,0.09336005704461127,0.15634046089308795,0.09336005704461127
31A10066-EBA4-4B2B-A9F4-AF029380059A,15,0.3847261072527255,0.11123485165131915,0.20390210295642552,0.11123485165131915
31A10066-EBA4-4B2B-A9F4-AF029380059A,20,0.3614740745593067,0.10237455522684376,0.17093315564482048,0.10237455522684376
31A10066-EBA4-4B2B-A9F4-AF029380059A,25,0.28683179313268875,0.11257533896333907,0.29296410902799197,0.11257533896333907
31A10066-EBA4-4B2B-A9F4-AF029380059A,30,0.43594539229328316,0.11118113580647059,0.23506985365462008,0.11118113580647059
0F69CDD9-EAAD-4F81-934F-8BA98B1424F6,10,0.350978873623195,0.07959093974728408,0.12195760770245331,0.07959093974728408
0F69CDD9-EAAD-4F81-934F-8BA98B1424F6,15,0.46034655671776253,0.10126682962163135,0.17007113857169556,0.10126682962163135
0F69CDD9-EAAD-4F81-934F-8BA98B1424F6,20,0.45553360605597565,0.10226540666826206,0.26576666809257504,0.10226540666826206
0F69CDD9-EAAD-4F81-934F-8BA98B1424F6,25,0.3350813182519319,0.11560757722286567,0.23385207569579378,0.11560757722286567
0F69CDD9-EAAD-4F81-934F-8BA98B1424F6,30,0.4071755752044236,0.09859334891926987,0.22391566603593807,0.09859334891926987
D6C243A6-CE71-4933-926F-1522DCACB25A,10,0.4513808508463028,0.10595179100553802,0.21203371028514642,0.10595179100553802
D6C243A6-CE71-4933-926F-1522DCACB25A,15,0.394315534834593,0.11460873736318922,0.19929911769405795,0.11460873736318922
D6C243A6-CE71-4933-926F-1522DCACB25A,20,0.5192366381648528,0.09374382577818328,0.23809211403562897,0.09374382577818328
D6C243A6-CE71-4933-926F-1522DCACB25A,25,0.34802109964292505,0.10014944689959072,0.28600638133078843,0.10014944689959072
D6C243A6-CE71-4933-926F-1522DCACB25A,30,0.46135230316465,0.11141705654091583,0.22057927977295483,0.11141705654091583
7ADC2BAE-4246-4C2A-B70E-95305A69DBE8,10,0.3571292422205756,0.09034586020036464,0.18883458468902717,0.09034586020036464
7ADC2BAE-4246-4C2A-B70E-95305A69DBE8,15,0.3957234866888518,0.10617347978856777,0.18490141175718539,0.10617347978856777
7ADC2BAE-4246-4C2A-B70E-95305A69DBE8,20,0.4359583478339893,0.1238739305569303,0.2924594925475562,0.1238739305569303
7ADC2BAE-4246-4C2A-B70E-95305A69DBE8,25,0.299944150831689,0.1188912748661942,0.26245302073621696,0.1188912748661942
7ADC2BAE-4246-4C2A-B70E-95305A69DBE8,30,0.5647506854797499,0.128803521077017,0.30984629303570443,0.128803521077017
90FC3412-2859-47A8-AB6C-9A303BFB9ECE,10,0.17706003947505025,0.08345171975387908,0.1380789538217222,0.08345171975387908
90FC3412-2859-47A8-AB6C-9A303BFB9ECE,15,0.3714418916594157,0.10301342777088808,0.1601095949285754,0.10301342777088808
90FC3412-2859-47A8-AB6C-9A303BFB9ECE,20,0.31478875619733826,0.09904888602341778,0.22887701321340165,0.09904888602341778
90FC3412-2859-47A8-AB6C-9A303BFB9ECE,25,0.4882853717700932,0.11123699242620548,0.2447615954890301,0.11123699242620548
90FC3412-2859-47A8-AB6C-9A303BFB9ECE,30,0.5805775244885422,0.12238533029092932,0.24889740151951428,0.12238533029092932
ECDE79A9-DABC-4E03-AB25-2966D757826D,10,0.26078366162977923,0.10808570666702906,0.17798469876693815,0.10808570666702906
ECDE79A9-DABC-4E03-AB25-2966D757826D,15,0.3348564736583996,0.10311506786371523,0.3161936083990291,0.10311506786371523
ECDE79A9-DABC-4E03-AB25-2966D757826D,20,0.49345798055112555,0.11366878767249414,0.32003586771314757,0.11366878767249414
ECDE79A9-DABC-4E03-AB25-2966D757826D,25,0.3542258535106665,0.10386910927776037,0.22443549621361497,0.10386910927776037
ECDE79A9-DABC-4E03-AB25-2966D757826D,30,0.4101351755992769,0.1113325130213441,0.24313752015551127,0.1113325130213441
53E1A7E1-2F67-491A-8E8D-DF42E8F0A255,10,0.238124820342269,0.12069290505783889,0.24334917559061459,0.12069290505783889
53E1A7E1-2F67-491A-8E8D-DF42E8F0A255,15,0.35560694421552747,0.11019227424134019,0.228667516378478,0.11019227424134019
53E1A7E1-2F67-491A-8E8D-DF42E8F0A255,20,0.5079479563593212,0.12564619766677718,0.2400366469275203,0.12564619766677718
53E1A7E1-2F67-491A-8E8D-DF42E8F0A255,25,0.4157704237335551,0.11782973133581558,0.24095156378927093,0.11782973133581558
53E1A7E1-2F67-491A-8E8D-DF42E8F0A255,30,0.5035835244803258,0.12403649249886547,0.30194150930981434,0.12403649249886547
A8CB6B6B-45BB-46BD-B593-0D449DBA7D8A,10,0.3059202676230775,0.11700882694700512,0.20090738252397783,0.11700882694700512
A8CB6B6B-45BB-46BD-B593-0D449DBA7D8A,15,0.2688474935777263,0.11588098588801683,0.23467393574637124,0.11588098588801683
A8CB6B6B-45BB-46BD-B593-0D449DBA7D8A,20,0.34585184467561325,0.1008719477408359,0.19701460139347726,0.1008719477408359
A8CB6B6B-45BB-46BD-B593-0D449DBA7D8A,25,0.28888925003080257,0.11859440534492831,0.23143440030208243,0.11859440534492831
A8CB6B6B-45BB-46BD-B593-0D449DBA7D8A,30,0.33254456149972067,0.12114570391971943,0.32246890754565505,0.12114570391971943
40D63DD2-B93D-4D7F-81A4-1EA3819B249E,10,0.32258024911291183,0.10659111348449013,0.17812909353896603,0.10659111348449013
40D63DD2-B93D-4D7F-81A4-1EA3819B249E,15,0.4068546130097253,0.12030625339949275,0.3037539050936127,0.12030625339949275
40D63DD2-B93D-4D7F-81A4-1EA3819B249E,20,0.4352491966478032,0.11410361772647197,0.25125265470707264,0.11410361772647197
40D63DD2-B93D-4D7F-81A4-1EA3819B249E,25,0.3211814543213301,0.1283801464365112,0.30685164823792144,0.1283801464365112
40D63DD2-B93D-4D7F-81A4-1EA3819B249E,30,0.40836720477376887,0.11938276065818294,0.28638135898114825,0.11938276065818294
BB292D24-7E21-461B-B20E-BBE940DC5681,10,0.2290201463754885,0.1063396597718316,0.19290378109650821,0.1063396597718316
BB292D24-7E21-461B-B20E-BBE940DC5681,15,0.7544824740618643,0.12966700653547686,0.257804177592309,0.12966700653547686
BB292D24-7E21-461B-B20E-BBE940DC5681,20,0.2747557755456526,0.1029936517340958,0.3238298947761384,0.1029936517340958
BB292D24-7E21-461B-B20E-BBE940DC5681,25,0.41149249756831896,0.1106201907897643,0.2687126950008314,0.1106201907897643
BB292D24-7E21-461B-B20E-BBE940DC5681,30,0.44156750518048815,0.11612475862111417,0.22772138226715016,0.11612475862111417
B8B4F24C-6506-4D73-863D-B20627B38D08,10,0.45452368401819715,0.11920327721159607,0.21494037861240423,0.11920327721159607
B8B4F24C-6506-4D73-863D-B20627B38D08,15,0.27043522967088635,0.10716873019403833,0.2637556478266185,0.10716873019403833
B8B4F24C-6506-4D73-863D-B20627B38D08,20,0.29944360335969195,0.10185680889784836,0.2127893555610425,0.10185680889784836
B8B4F24C-6506-4D73-863D-B20627B38D08,25,0.5373042803581128,0.1251440552292729,0.23331334130557937,0.1251440552292729
B8B4F24C-6506-4D73-863D-B20627B38D08,30,0.4125894264459514,0.10434568159793663,0.2772688749666556,0.10434568159793663
1CAD975F-67E5-4B57-81DE-1441CAD36C7B,10,0.2447632449646141,0.10107709837540704,0.18593873621969959,0.10107709837540704
1CAD975F-67E5-4B57-81DE-1441CAD36C7B,15,0.33189999445871315,0.11255606765312488,0.2721659152450694,0.11255606765312488
1CAD975F-67E5-4B57-81DE-1441CAD36C7B,20,0.4477492392737385,0.11431473692389264,0.24652361212267287,0.11431473692389264
1CAD975F-67E5-4B57-81DE-1441CAD36C7B,25,0.602010161911946,0.11517932444670331,0.27239993484057945,0.11517932444670331
1CAD975F-67E5-4B57-81DE-1441CAD36C7B,30,0.41270038627465844,0.10799441310542526,0.2348453972921553,0.10799441310542526
1439249F-449D-4A86-BBF3-CBDE12C3DDE5,10,0.2670226599834699,0.10462331054575005,0.2465481814268311,0.10462331054575005
1439249F-449D-4A86-BBF3-CBDE12C3DDE5,15,0.3628397773728092,0.12414802882206945,0.25574369424663507,0.12414802882206945
1439249F-449D-4A86-BBF3-CBDE12C3DDE5,20,0.30627328104939194,0.11948171501506943,0.2852788253918269,0.11948171501506943
1439249F-449D-4A86-BBF3-CBDE12C3DDE5,25,0.4245782019745734,0.1344967721856533,0.27699883960339594,0.1344967721856533
1439249F-449D-4A86-BBF3-CBDE12C3DDE5,30,0.44542794829887455,0.11253379357079972,0.22960046123118155,0.11253379357079972
F871C084-EBE2-40AF-8908-AA626B4CB4EA,10,0.3063139035304459,0.08621853615382041,0.15979154190383268,0.08621853615382041
F871C084-EBE2-40AF-8908-AA626B4CB4EA,15,0.3696097511783945,0.12481367691650389,0.34216869192040944,0.12481367691650389
F871C084-EBE2-40AF-8908-AA626B4CB4EA,20,0.3336663291604321,0.10867920234860659,0.20661997802991897,0.10867920234860659
F871C084-EBE2-40AF-8908-AA626B4CB4EA,25,0.5379718667502438,0.11977765208996735,0.24096317407404905,0.11977765208996735
F871C084-EBE2-40AF-8908-AA626B4CB4EA,30,0.39501885583000684,0.11146623364063563,0.2672163288500389,0.11146623364063563
82577515-582E-4F03-97DB-8A2A71E1B9C1,10,0.21668929569726594,0.08802542904065415,0.2072921547600583,0.08802542904065415
82577515-582E-4F03-97DB-8A2A71E1B9C1,15,0.3340965827406294,0.10020310164119524,0.179920352169285,0.10020310164119524
82577515-582E-4F03-97DB-8A2A71E1B9C1,20,0.34112066106080796,0.10656940363349414,0.25839793100404046,0.10656940363349414
82577515-582E-4F03-97DB-8A2A71E1B9C1,25,0.39213882598948596,0.1134899839641224,0.2720189555650403,0.1134899839641224
82577515-582E-4F03-97DB-8A2A71E1B9C1,30,0.6173914710568589,0.11574256171153995,0.25183311896716276,0.11574256171153995
45D8EAD2-210C-4F04-8C7F-EA3E65484875,10,0.23219629717761,0.09309819427213102,0.1896580966204096,0.09309819427213102
45D8EAD2-210C-4F04-8C7F-EA3E65484875,15,0.23013714767929397,0.10891829449013196,0.19865789560585376,0.10891829449013196
45D8EAD2-210C-4F04-8C7F-EA3E65484875,20,0.38528932667502946,0.11415951529697499,0.24335177500751026,0.11415951529697499
45D8EAD2-210C-4F04-8C7F-EA3E65484875,25,0.29249161859432354,0.12561633153920937,0.2698083585446223,0.12561633153920937
45D8EAD2-210C-4F04-8C7F-EA3E65484875,30,0.38604679335838893,0.11256820612936026,0.22704677430241943,0.11256820612936026
6BCB6C04-137B-4145-9760-A2F293B3E598,10,0.1988230006210036,0.08382966398009042,0.12511704379623553,0.08382966398009042
6BCB6C04-137B-4145-9760-A2F293B3E598,15,0.2977234178676897,0.11421797772489575,0.31974752626029646,0.11421797772489575
6BCB6C04-137B-4145-9760-A2F293B3E598,20,0.38011570273293865,0.11694684618414078,0.2748649659486132,0.11694684618414078
6BCB6C04-137B-4145-9760-A2F293B3E598,25,0.37884820862196716,0.11483208925504193,0.2558001519895774,0.11483208925504193
6BCB6C04-137B-4145-9760-A2F293B3E598,30,0.3584964561958445,0.11424993396309381,0.24597033102523352,0.11424993396309381
147A494E-7009-48B0-B912-218C2087F0E4,10,0.2822950491323823,0.12095251021459649,0.2061013827675204,0.12095251021459649
147A494E-7009-48B0-B912-218C2087F0E4,15,0.37791405531022365,0.12579988971677114,0.2849115684305721,0.12579988971677114
147A494E-7009-48B0-B912-218C2087F0E4,20,0.38106288219236273,0.11368233318597032,0.2575886539887061,0.11368233318597032
147A494E-7009-48B0-B912-218C2087F0E4,25,0.3295678765408029,0.11546859089167194,0.30542238304207525,0.11546859089167194
147A494E-7009-48B0-B912-218C2087F0E4,30,0.42420048277252254,0.11568160512472986,0.2900328290742485,0.11568160512472986
2B37095F-DF58-4168-8498-8FE99A1E3B5D,10,0.3045977736494859,0.11132520339824302,0.21543620343345043,0.11132520339824302
2B37095F-DF58-4168-8498-8FE99A1E3B5D,15,0.2884339275909115,0.1116047752558069,0.30953070895110835,0.1116047752558069
2B37095F-DF58-4168-8498-8FE99A1E3B5D,20,0.4087657114584705,0.1277504007469444,0.2260786742078018,0.1277504007469444
2B37095F-DF58-4168-8498-8FE99A1E3B5D,25,0.3574854795046689,0.12247081110513625,0.23670961160329637,0.12247081110513625
2B37095F-DF58-4168-8498-8FE99A1E3B5D,30,0.341684818339681,0.12168198213962711,0.2733123065260362,0.12168198213962711
817546DC-1A01-4DC4-B176-5088422D0881,10,0.3251785092680116,0.11361386188584018,0.2057875449219112,0.11361386188584018
817546DC-1A01-4DC4-B176-5088422D0881,15,0.3042830452859645,0.12278763726528853,0.30701015247491237,0.12278763726528853
817546DC-1A01-4DC4-B176-5088422D0881,20,0.30348729761797616,0.10601248778351943,0.24258769952265646,0.10601248778351943
817546DC-1A01-4DC4-B176-5088422D0881,25,0.35107503809397317,0.10912658920645285,0.23023781090006246,0.10912658920645285
817546DC-1A01-4DC4-B176-5088422D0881,30,0.4409403224797399,0.1321787254951527,0.226092020202888,0.1321787254951527
18EB1FF2-3858-44CB-ABD9-88882333C097,10,0.34847975497991196,0.09279911579312085,0.19145965807859736,0.09279911579312085
18EB1FF2-3858-44CB-ABD9-88882333C097,15,0.28144908283997455,0.10712712049717264,0.2904305886035069,0.10712712049717264
18EB1FF2-3858-44CB-ABD9-88882333C097,20,0.3381975680986583,0.12740389579365582,0.26560634353815926,0.12740389579365582
18EB1FF2-3858-44CB-ABD9-88882333C097,25,0.4785408180940029,0.12293948281041286,0.33855593433804737,0.12293948281041286
18EB1FF2-3858-44CB-ABD9-88882333C097,30,0.45663850453336235,0.11479272093579332,0.2357364799867247,0.11479272093579332
67D85A83-C9EE-48BC-8027-C177BFACC85B,10,0.38553149281419263,0.11423100036567949,0.273154705022547,0.11423100036567949
67D85A83-C9EE-48BC-8027-C177BFACC85B,15,0.31616598084148184,0.11847887065026694,0.31404951549255505,0.11847887065026694
67D85A83-C9EE-48BC-8027-C177BFACC85B,20,0.35533918969411915,0.10486656197232803,0.2391079078973058,0.10486656197232803
67D85A83-C9EE-48BC-8027-C177BFACC85B,25,0.4215421515204043,0.11559792426965476,0.2659564870407119,0.11559792426965476
67D85A83-C9EE-48BC-8027-C177BFACC85B,30,0.4286667174067245,0.11075930662887311,0.2508727653392316,0.11075930662887311
C86AFC66-CA2A-40F6-A863-88C8BCD80634,10,0.2711517566682238,0.10819186047292455,0.23135776899282684,0.10819186047292455
C86AFC66-CA2A-40F6-A863-88C8BCD80634,15,0.5967902333509782,0.14545725643142052,0.3006101670524238,0.14545725643142052
C86AFC66-CA2A-40F6-A863-88C8BCD80634,20,0.4404419624948428,0.11640080818570238,0.21414976092109655,0.11640080818570238
C86AFC66-CA2A-40F6-A863-88C8BCD80634,25,0.40083474864211693,0.11899456093567624,0.30695666289406204,0.11899456093567624
C86AFC66-CA2A-40F6-A863-88C8BCD80634,30,0.37924622447955597,0.12943871987740097,0.2853979654950555,0.12943871987740097
99AE4568-FD23-4A96-BD6C-CD9B9FB2C24A,10,0.16268862351269084,0.11210583521500588,0.21860209207377773,0.11210583521500588
99AE4568-FD23-4A96-BD6C-CD9B9FB2C24A,15,0.36587245950961594,0.11340969903130811,0.25425181738630376,0.11340969903130811
99AE4568-FD23-4A96-BD6C-CD9B9FB2C24A,20,0.38112403193446703,0.12114756033381377,0.29301055948309085,0.12114756033381377
99AE4568-FD23-4A96-BD6C-CD9B9FB2C24A,25,0.44146811994782675,0.11751886071670048,0.290421818021422,0.11751886071670048
99AE4568-FD23-4A96-BD6C-CD9B9FB2C24A,30,0.3692975739614994,0.10445300954096716,0.2637799142279616,0.10445300954096716
7D8A6360-C9E9-487B-A344-42B5F9E41CF7,10,0.22696723511049852,0.11242542024652814,0.2410384509783294,0.11242542024652814
7D8A6360-C9E9-487B-A344-42B5F9E41CF7,15,0.3036103543637061,0.09342687981120153,0.20464722412634756,0.09342687981120153
7D8A6360-C9E9-487B-A344-42B5F9E41CF7,20,0.49912538368960574,0.11726518504051106,0.22690190504352056,0.11726518504051106
7D8A6360-C9E9-487B-A344-42B5F9E41CF7,25,0.5184321969883328,0.12518595455515127,0.3297498019344731,0.12518595455515127
7D8A6360-C9E9-487B-A344-42B5F9E41CF7,30,0.32196154804744054,0.10036558023584828,0.2047352204075626,0.10036558023584828
35C59B5F-116D-4F25-A83A-5C89B86C072D,10,0.3781624255719962,0.09250241374289915,0.1363015607745388,0.09250241374289915
35C59B5F-116D-4F25-A83A-5C89B86C072D,15,0.2888461358333015,0.12238571911939744,0.26458311249035477,0.12238571911939744
35C59B5F-116D-4F25-A83A-5C89B86C072D,20,0.3880963903349983,0.1218747066860704,0.28432170467854934,0.1218747066860704
35C59B5F-116D-4F25-A83A-5C89B86C072D,25,0.3845129430279268,0.13031438265331607,0.2985786973914364,0.13031438265331607
35C59B5F-116D-4F25-A83A-5C89B86C072D,30,0.4124916368717709,0.10644257051248195,0.23468260670045854,0.10644257051248195
9BA67779-50C2-483B-8E81-916125D5D3F7,10,0.24501172478968034,0.11291287146658055,0.1808088913897098,0.11291287146658055
9BA67779-50C2-483B-8E81-916125D5D3F7,15,0.47678165060045036,0.11538523527412571,0.23781951354644376,0.11538523527412571
9BA67779-50C2-483B-8E81-916125D5D3F7,20,0.32684902354352746,0.10583734870678609,0.3333246811511034,0.10583734870678609
9BA67779-50C2-483B-8E81-916125D5D3F7,25,0.44049122525389833,0.11710479370262833,0.2702290396264751,0.11710479370262833
9BA67779-50C2-483B-8E81-916125D5D3F7,30,0.47691978181732136,0.09902732072988708,0.18835512534667181,0.09902732072988708
4375042E-CC33-4B09-A79B-F30D8C0136D9,10,0.4232123083059009,0.10186574649458283,0.18145319568895496,0.10186574649458283
4375042E-CC33-4B09-A79B-F30D8C0136D9,15,0.24166631191154594,0.09454321909108174,0.17265586416293308,0.09454321909108174
4375042E-CC33-4B09-A79B-F30D8C0136D9,20,0.5281447606839046,0.12047689625965616,0.2696708750201,0.12047689625965616
4375042E-CC33-4B09-A79B-F30D8C0136D9,25,0.38300183657429065,0.12364795451745628,0.27200192255536115,0.12364795451745628
4375042E-CC33-4B09-A79B-F30D8C0136D9,30,0.33628353981829867,0.11536275012954356,0.20918953615548536,0.11536275012954356
6FC13FEC-D6E7-4F53-9C10-A3FBAE064A71,10,0.20321738112340307,0.1027087034363596,0.1834911433148565,0.1027087034363596
6FC13FEC-D6E7-4F53-9C10-A3FBAE064A71,15,0.3125960946676506,0.09312278910104656,0.28703115014095715,0.09312278910104656
6FC13FEC-D6E7-4F53-9C10-A3FBAE064A71,20,0.2581747399358112,0.09758781608251287,0.1936649744224822,0.09758781608251287
6FC13FEC-D6E7-4F53-9C10-A3FBAE064A71,25,0.40453006914582024,0.1102201085018201,0.29373764115470824,0.1102201085018201
6FC13FEC-D6E7-4F53-9C10-A3FBAE064A71,30,0.3988417938139938,0.09837757569532196,0.19454738414923253,0.09837757569532196
450053F2-5F0A-4CFE-8A08-92CC201A07B9,10,0.3438487378338132,0.11301998057472613,0.2737581493118403,0.11301998057472613
450053F2-5F0A-4CFE-8A08-92CC201A07B9,15,0.31624624699531223,0.11810228022152312,0.21364742986579838,0.11810228022152312
450053F2-5F0A-4CFE-8A08-92CC201A07B9,20,0.28120345394836144,0.10844431226822462,0.22816333219837115,0.10844431226822462
450053F2-5F0A-4CFE-8A08-92CC201A07B9,25,0.3616826453128086,0.10486159693398923,0.22106327942351206,0.10486159693398923
450053F2-5F0A-4CFE-8A08-92CC201A07B9,30,0.48850758122220334,0.09764885428587862,0.2183935370950219,0.09764885428587862
4DB6BD40-F4FD-4E81-BACE-8E0FA5776347,10,0.19669527160528288,0.08130829778205173,0.13315084400350385,0.08130829778205173
4DB6BD40-F4FD-4E81-BACE-8E0FA5776347,15,0.3050056622972428,0.11025476983482572,0.29560089447402715,0.11025476983482572
4DB6BD40-F4FD-4E81-BACE-8E0FA5776347,20,0.3557356199515285,0.1079202991244044,0.23850281835599596,0.1079202991244044
4DB6BD40-F4FD-4E81-BACE-8E0FA5776347,25,0.3402706798968268,0.11647011382057831,0.283002385409601,0.11647011382057831
4DB6BD40-F4FD-4E81-BACE-8E0FA5776347,30,0.43800651267925433,0.12354336006727647,0.28987755587621317,0.12354336006727647
B4060B8D-C6B6-4A6F-A1E3-8D16E7FAE7E1,10,0.3274604524205254,0.08257249097325661,0.14017999197830017,0.08257249097325661
B4060B8D-C6B6-4A6F-A1E3-8D16E7FAE7E1,15,0.49509958197482645,0.13258310009170185,0.22527446707490315,0.13258310009170185
B4060B8D-C6B6-4A6F-A1E3-8D16E7FAE7E1,20,0.33664704173271043,0.10958627984139645,0.3093833499356038,0.10958627984139645
B4060B8D-C6B6-4A6F-A1E3-8D16E7FAE7E1,25,0.40832745202677,0.11859394299802924,0.24216322566657678,0.11859394299802924
B4060B8D-C6B6-4A6F-A1E3-8D16E7FAE7E1,30,0.35552006104756717,0.11361833978588903,0.22791754578481666,0.11361833978588903
2C47C9E7-50F8-46AB-A198-BCEBCE6E5EF9,10,0.32433126896460557,0.11559839540877738,0.23565620797314296,0.11559839540877738
2C47C9E7-50F8-46AB-A198-BCEBCE6E5EF9,15,0.2649003182120714,0.10817885123936181,0.21914875378537158,0.10817885123936181
2C47C9E7-50F8-46AB-A198-BCEBCE6E5EF9,20,0.5272449900851806,0.12075122935205658,0.20678908532967447,0.12075122935205658
2C47C9E7-50F8-46AB-A198-BCEBCE6E5EF9,25,0.7277049425056195,0.11036373887705697,0.2562992076143696,0.11036373887705697
2C47C9E7-50F8-46AB-A198-BCEBCE6E5EF9,30,0.31773301389531033,0.11531805631024152,0.3044887831171115,0.11531805631024152
7AE44CBF-F18D-4F02-AE72-4A461CA7EE4B,10,0.2301005964461714,0.11601617675445618,0.2637399552272455,0.11601617675445618
7AE44CBF-F18D-4F02-AE72-4A461CA7EE4B,15,0.25216063824268137,0.09544340670637437,0.16858536123659815,0.09544340670637437
7AE44CBF-F18D-4F02-AE72-4A461CA7EE4B,20,0.35222809866838956,0.11404154071784174,0.22875833217798452,0.11404154071784174
7AE44CBF-F18D-4F02-AE72-4A461CA7EE4B,25,0.37613091258959125,0.11472664665645095,0.21382084207276703,0.11472664665645095
7AE44CBF-F18D-4F02-AE72-4A461CA7EE4B,30,0.4996669859138227,0.1193593569227755,0.3030031195752299,0.1193593569227755
5253FF49-DF1D-4A5B-89C7-9BD3778BEA34,10,0.3071922346392005,0.1257712232343288,0.20932592599976088,0.1257712232343288
5253FF49-DF1D-4A5B-89C7-9BD3778BEA34,15,0.322543644341742,0.11759130245857732,0.2548456765720816,0.11759130245857732
5253FF49-DF1D-4A5B-89C7-9BD3778BEA34,20,0.5118476249753696,0.11710478484301394,0.32339769808898855,0.11710478484301394
5253FF49-DF1D-4A5B-89C7-9BD3778BEA34,25,0.4279811282292826,0.11337152092888528,0.22510626350614613,0.11337152092888528
5253FF49-DF1D-4A5B-89C7-9BD3778BEA34,30,0.3523911917148349,0.12276710191782428,0.30292543651328785,0.12276710191782428
28472727-0DDE-42F7-969C-738847AC62A8,10,0.27145970411258485,0.10390908627308655,0.2685529741620133,0.10390908627308655
28472727-0DDE-42F7-969C-738847AC62A8,15,0.30781021739055353,0.1027685485383696,0.21793102938252007,0.1027685485383696
28472727-0DDE-42F7-969C-738847AC62A8,20,0.2582946906062424,0.10102268303152184,0.19668494448553298,0.10102268303152184
28472727-0DDE-42F7-969C-738847AC62A8,25,0.3809042908307117,0.10999729864044575,0.2087916650540752,0.10999729864044575
28472727-0DDE-42F7-969C-738847AC62A8,30,0.4284082013768892,0.12144711164895945,0.3369147987819271,0.12144711164895945
A301F8F3-9FEE-4ED9-9AB5-A91FD27B3498,10,0.38096256916424004,0.12474238896213434,0.2183416997443106,0.12474238896213434
A301F8F3-9FEE-4ED9-9AB5-A91FD27B3498,15,0.35999622264856895,0.11263384327258791,0.289922544775165,0.11263384327258791
A301F8F3-9FEE-4ED9-9AB5-A91FD27B3498,20,0.3498576850531412,0.115560137392786,0.2994210521692948,0.115560137392786
A301F8F3-9FEE-4ED9-9AB5-A91FD27B3498,25,0.4877223006927447,0.1112859749464234,0.23045192363034916,0.1112859749464234
A301F8F3-9FEE-4ED9-9AB5-A91FD27B3498,30,0.45047096040825596,0.11453077881354572,0.23496083455263533,0.11453077881354572
7AC91175-877C-44DF-95A6-65C02484EB90,10,0.281647568960311,0.11514549006688897,0.20564978075563187,0.11514549006688897
7AC91175-877C-44DF-95A6-65C02484EB90,15,0.2649881478540246,0.1212185668305758,0.2552184890656173,0.1212185668305758
7AC91175-877C-44DF-95A6-65C02484EB90,20,0.38876187301669424,0.1055418783323173,0.21774345708175646,0.1055418783323173
7AC91175-877C-44DF-95A6-65C02484EB90,25,0.3252719261469578,0.11815416066010821,0.28956923608981683,0.11815416066010821
7AC91175-877C-44DF-95A6-65C02484EB90,30,0.4035805456097614,0.10924684962941908,0.2945165070812259,0.10924684962941908
C9E7B1C9-5DFF-45D3-8766-0C8271FD293E,10,0.27025229780542837,0.0958366787485217,0.1668738379199748,0.0958366787485217
C9E7B1C9-5DFF-45D3-8766-0C8271FD293E,15,0.4561692063260324,0.13703545957968624,0.24281376052149775,0.13703545957968624
C9E7B1C9-5DFF-45D3-8766-0C8271FD293E,20,0.28761623269743386,0.11381163419198888,0.22415910811552553,0.11381163419198888
C9E7B1C9-5DFF-45D3-8766-0C8271FD293E,25,0.4363463147211496,0.12349513769630097,0.29274956649674594,0.12349513769630097
C9E7B1C9-5DFF-45D3-8766-0C8271FD293E,30,0.533756273104724,0.1114455426568067,0.27493376713284917,0.1114455426568067
51371244-76F0-4B8A-8761-045568CDB857,10,0.20058524538024586,0.1294492049444826,0.24579145127914828,0.1294492049444826
51371244-76F0-4B8A-8761-045568CDB857,15,0.2738008504087296,0.1294722786173563,0.30606580330444044,0.1294722786173563
51371244-76F0-4B8A-8761-045568CDB857,20,0.27481986696529676,0.1155259081323415,0.2855821931674287,0.1155259081323415
51371244-76F0-4B8A-8761-045568CDB857,25,0.44287918526335945,0.10317315550379762,0.2352249132546987,0.10317315550379762
51371244-76F0-4B8A-8761-045568CDB857,30,0.5351790737743535,0.11139321880080988,0.3255452880426727,0.11139321880080988
CF495EE9-9215-4F80-BCA3-75C8AAAC4E5D,10,0.26142935095072767,0.09637569137371585,0.1716441462977148,0.09637569137371585
CF495EE9-9215-4F80-BCA3-75C8AAAC4E5D,15,0.42376074134093106,0.09642305935942683,0.23128841484041635,0.09642305935942683
CF495EE9-9215-4F80-BCA3-75C8AAAC4E5D,20,0.2782494661958378,0.09695638863094824,0.20063665360326444,0.09695638863094824
CF495EE9-9215-4F80-BCA3-75C8AAAC4E5D,25,0.39804971855518484,0.11271634933547574,0.23587477296494921,0.11271634933547574
CF495EE9-9215-4F80-BCA3-75C8AAAC4E5D,30,0.3507530944671436,0.11464318910872444,0.1999639124642047,0.11464318910872444
557F26C2-8865-45D8-B4E9-F79F91370B05,10,0.25341369491363136,0.10394871946013443,0.2061384730004407,0.10394871946013443
557F26C2-8865-45D8-B4E9-F79F91370B05,15,0.30650916377007814,0.13371517652612697,0.2949740291413513,0.13371517652612697
557F26C2-8865-45D8-B4E9-F79F91370B05,20,0.3182698959586842,0.09785991959974491,0.17953179443209263,0.09785991959974491
557F26C2-8865-45D8-B4E9-F79F91370B05,25,0.33692273362894054,0.12731402814048828,0.26880637855344985,0.12731402814048828
557F26C2-8865-45D8-B4E9-F79F91370B05,30,0.6464728154749411,0.1143784733820607,0.30663853778662364,0.1143784733820607
BBC02C68-2E2E-4EC8-9600-5ACDA57F62CE,10,0.2912126193866227,0.1159747196148461,0.25940849776270986,0.1159747196148461
BBC02C68-2E2E-4EC8-9600-5ACDA57F62CE,15,0.3955541406005156,0.11131035594220258,0.24331642647098323,0.11131035594220258
BBC02C68-2E2E-4EC8-9600-5ACDA57F62CE,20,0.3994407994594453,0.11539956241226382,0.25174718152586517,0.11539956241226382
BBC02C68-2E2E-4EC8-9600-5ACDA57F62CE,25,0.3885111037356911,0.1062317206576086,0.2349743577867699,0.1062317206576086
BBC02C68-2E2E-4EC8-9600-5ACDA57F62CE,30,0.33730945751350166,0.1131111565610318,0.2587366052622733,0.1131111565610318
8644247A-62F5-4C01-9A7A-4750627D01FC,10,0.27468760913106105,0.10594248629468671,0.2595607692716961,0.10594248629468671
8644247A-62F5-4C01-9A7A-4750627D01FC,15,0.29606564093284304,0.10549957786955573,0.23734064204988625,0.10549957786955573
8644247A-62F5-4C01-9A7A-4750627D01FC,20,0.35090311306461064,0.11184841672581662,0.24802830094597053,0.11184841672581662
8644247A-62F5-4C01-9A7A-4750627D01FC,25,0.35230581022588786,0.09921706594324192,0.18873697065630485,0.09921706594324192
8644247A-62F5-4C01-9A7A-4750627D01FC,30,0.47188361093126846,0.11123926059084008,0.24460378004034522,0.11123926059084008
BC02B099-5A4C-44E0-BF2B-081856396984,10,0.1700242905247475,0.08038362104734569,0.12168756725091737,0.08038362104734569
BC02B099-5A4C-44E0-BF2B-081856396984,15,0.28407610281997897,0.12639507973853767,0.30912449668887293,0.12639507973853767
BC02B099-5A4C-44E0-BF2B-081856396984,20,0.4109778923849929,0.11576137756815812,0.29038122375016373,0.11576137756815812
BC02B099-5A4C-44E0-BF2B-081856396984,25,0.3975205701431023,0.10433428200702709,0.23402888338175584,0.10433428200702709
BC02B099-5A4C-44E0-BF2B-081856396984,30,0.324610182021561,0.12549319365769177,0.34881047023498535,0.12549319365769177
E0E1B878-946C-41C2-9D9C-3EE9D1AD30C0,10,0.3271938217221239,0.09655498550110903,0.17466678279067233,0.09655498550110903
E0E1B878-946C-41C2-9D9C-3EE9D1AD30C0,15,0.45762817480292667,0.12004893011651016,0.344710251667137,0.12004893011651016
E0E1B878-946C-41C2-9D9C-3EE9D1AD30C0,20,0.37397854108535933,0.10253410357907092,0.27180187557102253,0.10253410357907092
E0E1B878-946C-41C2-9D9C-3EE9D1AD30C0,25,0.39100548878306646,0.09294523976635342,0.2405705492738257,0.09294523976635342
E0E1B878-946C-41C2-9D9C-3EE9D1AD30C0,30,0.5435017183738816,0.11686908989045255,0.3031997497505013,0.11686908989045255
19B63E48-975D-4E5F-88C1-3E3B733A5573,10,0.23423915062487607,0.12002293771206331,0.22223898140503237,0.12002293771206331
19B63E48-975D-4E5F-88C1-3E3B733A5573,15,0.3655733509075156,0.12195778404296988,0.3084761725826941,0.12195778404296988
19B63E48-975D-4E5F-88C1-3E3B733A5573,20,0.40406659468276573,0.1241946483617743,0.24307150552860757,0.1241946483617743
19B63E48-975D-4E5F-88C1-3E3B733A5573,25,0.34157679782188843,0.11219291024713497,0.26399171673522587,0.11219291024713497
19B63E48-975D-4E5F-88C1-3E3B733A5573,30,0.5409645477801143,0.1319365444429508,0.2739048255065116,0.1319365444429508
CDCD13D1-5ACF-4E14-AA56-9839D4148E16,10,0.3245595984030454,0.1140912572202718,0.2577593359370188,0.1140912572202718
CDCD13D1-5ACF-4E14-AA56-9839D4148E16,15,0.39067235971397957,0.10281403345770279,0.25502770004433056,0.10281403345770279
CDCD13D1-5ACF-4E14-AA56-9839D4148E16,20,0.30028572684384147,0.1200301641298344,0.23757619301939192,0.1200301641298344
CDCD13D1-5ACF-4E14-AA56-9839D4148E16,25,0.44792252535889443,0.10756721619069001,0.24019587933880565,0.10756721619069001
CDCD13D1-5ACF-4E14-AA56-9839D4148E16,30,0.37804512172539645,0.11706415852708177,0.22647568624841427,0.11706415852708177
BBABBB85-36CE-495E-9355-04980145FCF3,10,0.42677475145407867,0.0993537594353367,0.1807940726006833,0.0993537594353367
BBABBB85-36CE-495E-9355-04980145FCF3,15,0.4254472439674267,0.12360767549957628,0.20398600181453216,0.12360767549957628
BBABBB85-36CE-495E-9355-04980145FCF3,20,0.31859260514653387,0.10363359399751992,0.22059555564320465,0.10363359399751992
BBABBB85-36CE-495E-9355-04980145FCF3,25,0.38772654735017276,0.1069795968950305,0.23132045888472383,0.1069795968950305
BBABBB85-36CE-495E-9355-04980145FCF3,30,0.37055081619318686,0.11703581462513345,0.23780812699402082,0.11703581462513345