uuid,number of operations,maximum cartographic error,average cartographic error,maximum polygon complexity,average polygon complexity
4D721EDD-2FAD-49F4-875C-A0945C9A0471,1,0.642331988297768,0.11234915679410258,0.24569137609922742,0.11234915679410258
4D721EDD-2FAD-49F4-875C-A0945C9A0471,3,0.43085077953301626,0.10996279214447391,0.2264744286640931,0.10996279214447391
4D721EDD-2FAD-49F4-875C-A0945C9A0471,5,0.3160063343532877,0.10776713479815296,0.20186022751543461,0.10776713479815296
4D721EDD-2FAD-49F4-875C-A0945C9A0471,7,0.36916248603689367,0.10828998517834759,0.23548963530472558,0.10828998517834759
4D721EDD-2FAD-49F4-875C-A0945C9A0471,11,0.432233250144838,0.11394912454482868,0.2554962346999662,0.11394912454482868
4D721EDD-2FAD-49F4-875C-A0945C9A0471,21,0.33932589184687206,0.12639608222244175,0.3098755174275866,0.12639608222244175
3052AEDB-2B8F-4821-A91A-47513BA26DEB,1,0.92519495357519,0.10672328863339407,0.23034015466749747,0.10672328863339407
3052AEDB-2B8F-4821-A91A-47513BA26DEB,3,0.3527555182345405,0.10528011857422834,0.2243794258668617,0.10528011857422834
3052AEDB-2B8F-4821-A91A-47513BA26DEB,5,0.3984761839390133,0.1054087463830794,0.25590886715175587,0.1054087463830794
3052AEDB-2B8F-4821-A91A-47513BA26DEB,7,0.3200276835718399,0.11242052041487983,0.2669654415209288,0.11242052041487983
3052AEDB-2B8F-4821-A91A-47513BA26DEB,11,0.34179114368138114,0.1127528742771509,0.3008913286532897,0.1127528742771509
3052AEDB-2B8F-4821-A91A-47513BA26DEB,21,0.48652605101377916,0.11675318206460782,0.2951467931067817,0.11675318206460782
B78027F8-1112-454B-BF89-C30F71C6BC55,1,0.8559151085130876,0.12715330695874794,0.23415906957437194,0.12715330695874794
B78027F8-1112-454B-BF89-C30F71C6BC55,3,0.3676718521968129,0.12040127826364744,0.24822985405655618,0.12040127826364744
B78027F8-1112-454B-BF89-C30F71C6BC55,5,0.3079295211965205,0.11623274967698548,0.23375494616145376,0.11623274967698548
B78027F8-1112-454B-BF89-C30F71C6BC55,7,0.2943001216941391,0.11457876771622179,0.2263076864228935,0.11457876771622179
B78027F8-1112-454B-BF89-C30F71C6BC55,11,0.32840165699131524,0.11301747672498742,0.20703271967282,0.11301747672498742
B78027F8-1112-454B-BF89-C30F71C6BC55,21,0.36834122666062624,0.13165921081632292,0.32712809347601224,0.13165921081632292
CFF4725C-241F-4F0D-8E38-3D45933FB1B6,1,0.8800819229106015,0.11868216797811539,0.26504074893228174,0.11868216797811539
CFF4725C-241F-4F0D-8E38-3D45933FB1B6,3,0.40914875045496674,0.11171755326270098,0.22613865921780513,0.11171755326270098
CFF4725C-241F-4F0D-8E38-3D45933FB1B6,5,0.37069373544475465,0.1114945218047884,0.24353174257398558,0.1114945218047884
CFF4725C-241F-4F0D-8E38-3D45933FB1B6,7,0.3805581954551965,0.11315729933663404,0.2663676421241079,0.11315729933663404
CFF4725C-241F-4F0D-8E38-3D45933FB1B6,11,0.4741141702855318,0.11017700251582158,0.27559296674867684,0.11017700251582158
CFF4725C-241F-4F0D-8E38-3D45933FB1B6,21,0.38184361274000284,0.12702252628829502,0.35404120848954235,0.12702252628829502
1F171CDF-484F-4AA0-B568-2E8B28EDFAFC,1,0.7226414504351039,0.11578888762311883,0.2686641852474856,0.11578888762311883
1F171CDF-484F-4AA0-B568-2E8B28EDFAFC,3,0.49091628459083697,0.12355980578470624,0.34541802164137597,0.12355980578470624
1F171CDF-484F-4AA0-B568-2E8B28EDFAFC,5,0.33788338338893165,0.12786790246839008,0.4336813690569978,0.12786790246839008
1F171CDF-484F-4AA0-B568-2E8B28EDFAFC,7,0.3291755110058933,0.12121324308617278,0.43923278758771045,0.12121324308617278
1F171CDF-484F-4AA0-B568-2E8B28EDFAFC,11,0.3771124528686165,0.12193232571248665,0.45867617622747303,0.12193232571248665
1F171CDF-484F-4AA0-B568-2E8B28EDFAFC,21,0.4238243005570321,0.11767895601662864,0.4466501123245487,0.11767895601662864
3A81A32A-C893-4B1E-AC74-A8FE60E3760A,1,0.4810847084916502,0.13094145656425332,0.26004096446629105,0.13094145656425332
3A81A32A-C893-4B1E-AC74-A8FE60E3760A,3,0.4486921868421434,0.1285822247778514,0.3095726417250894,0.1285822247778514
3A81A32A-C893-4B1E-AC74-A8FE60E3760A,5,0.4028513415602272,0.12439404695290442,0.2689558295949663,0.12439404695290442
3A81A32A-C893-4B1E-AC74-A8FE60E3760A,7,0.4786886621733488,0.1270946444181256,0.2555390750022014,0.1270946444181256
3A81A32A-C893-4B1E-AC74-A8FE60E3760A,11,0.37787982757422767,0.12592516731129388,0.28107927713884556,0.12592516731129388
3A81A32A-C893-4B1E-AC74-A8FE60E3760A,21,0.36155726633911,0.11493516891744558,0.2563546500279015,0.11493516891744558
1150B156-3AD6-406A-808B-CCBD3CC5DD1D,1,0.7834151092959811,0.1185908611383783,0.2752708179329684,0.1185908611383783
1150B156-3AD6-406A-808B-CCBD3CC5DD1D,3,0.3874853586753233,0.11997676095665219,0.2990572581214278,0.11997676095665219
1150B156-3AD6-406A-808B-CCBD3CC5DD1D,5,0.4395750495260843,0.11986229986833526,0.292963377649985,0.11986229986833526
1150B156-3AD6-406A-808B-CCBD3CC5DD1D,7,0.3922561042608731,0.11880106285470883,0.3011223932348223,0.11880106285470883
1150B156-3AD6-406A-808B-CCBD3CC5DD1D,11,0.4588234638681645,0.12024885813377022,0.32949970927509487,0.12024885813377022
1150B156-3AD6-406A-808B-CCBD3CC5DD1D,21,0.36566350173940687,0.11773605211031031,0.2995884000129536,0.11773605211031031
88F1EBAD-5195-4066-986D-8F5C55B30E9F,1,0.837872276073348,0.11756247671305572,0.3124110056589362,0.11756247671305572
88F1EBAD-5195-4066-986D-8F5C55B30E9F,3,0.37335486816595753,0.11397748589880141,0.3407469374145614,0.11397748589880141
88F1EBAD-5195-4066-986D-8F5C55B30E9F,5,0.3517384036630761,0.11225902581772355,0.34050345116358494,0.11225902581772355
88F1EBAD-5195-4066-986D-8F5C55B30E9F,7,0.25063749601149105,0.10518426273875774,0.2930499440381348,0.10518426273875774
88F1EBAD-5195-4066-986D-8F5C55B30E9F,11,0.31138249575563137,0.10900427219748023,0.3400926718310744,0.10900427219748023
88F1EBAD-5195-4066-986D-8F5C55B30E9F,21,0.3847936449319522,0.120948010123756,0.37897501426343216,0.120948010123756
6D4B1D8B-7B4C-442C-B41F-2A6EAC4124E1,1,0.6427471684703738,0.13915830239288518,0.281718521750131,0.13915830239288518
6D4B1D8B-7B4C-442C-B41F-2A6EAC4124E1,3,0.37668961658131356,0.13498466204912865,0.3006719196189239,0.13498466204912865
6D4B1D8B-7B4C-442C-B41F-2A6EAC4124E1,5,0.23152120209364413,0.1264255036856342,0.2953315198653568,0.1264255036856342
6D4B1D8B-7B4C-442C-B41F-2A6EAC4124E1,7,0.26870968040838944,0.12244157420115105,0.26934902926574444,0.12244157420115105
6D4B1D8B-7B4C-442C-B41F-2A6EAC4124E1,11,0.3269613166341572,0.11769249406853832,0.2877183597221973,0.11769249406853832
6D4B1D8B-7B4C-442C-B41F-2A6EAC4124E1,21,0.4247802249183675,0.13623308082636112,0.3856601412639445,0.13623308082636112
0193712D-1640-404A-A12D-D4E5B546EA54,1,0.6158252215271377,0.11067600485894086,0.28805869657086003,0.11067600485894086
0193712D-1640-404A-A12D-D4E5B546EA54,3,0.392330295769868,0.10756237236814586,0.2757108368626305,0.10756237236814586
0193712D-1640-404A-A12D-D4E5B546EA54,5,0.37727571484828726,0.10634684588894855,0.2568909058886756,0.10634684588894855
0193712D-1640-404A-A12D-D4E5B546EA54,7,0.3519652771355575,0.1159889210416176,0.2632249545548305,0.1159889210416176
0193712D-1640-404A-A12D-D4E5B546EA54,11,0.32538796661417546,0.12142770906674691,0.2838430091569895,0.12142770906674691
0193712D-1640-404A-A12D-D4E5B546EA54,21,0.356587037490386,0.11607800942337429,0.2940154074737407,0.11607800942337429
AE097F3A-14FD-4735-A19B-8FD343CA3346,1,0.6155156930262096,0.11785259281861185,0.21640013769900346,0.11785259281861185
AE097F3A-14FD-4735-A19B-8FD343CA3346,3,0.38266392436269053,0.11551312865843517,0.2517969853479043,0.11551312865843517
AE097F3A-14FD-4735-A19B-8FD343CA3346,5,0.42221563453708116,0.11996121543508205,0.2844118729665944,0.11996121543508205
AE097F3A-14FD-4735-A19B-8FD343CA3346,7,0.3012580175661793,0.11317972442670554,0.2761277939959455,0.11317972442670554
AE097F3A-14FD-4735-A19B-8FD343CA3346,11,0.36182574769891857,0.11156559523928429,0.27620380503160985,0.11156559523928429
AE097F3A-14FD-4735-A19B-8FD343CA3346,21,0.304213672519874,0.12325567537178973,0.3182023615324689,0.12325567537178973
BA5C1BDF-5737-4AB3-985F-84FF834B8FCB,1,0.8968083936428752,0.12439684271062969,0.31784972316937654,0.12439684271062969
BA5C1BDF-5737-4AB3-985F-84FF834B8FCB,3,0.39056409021336075,0.1300554967354299,0.2934156952952667,0.1300554967354299
BA5C1BDF-5737-4AB3-985F-84FF834B8FCB,5,0.358039093421678,0.12450701534452946,0.3011816710242912,0.12450701534452946
BA5C1BDF-5737-4AB3-985F-84FF834B8FCB,7,0.3357100512745705,0.12212483137901955,0.34466622104843836,0.12212483137901955
BA5C1BDF-5737-4AB3-985F-84FF834B8FCB,11,0.2934299752132236,0.11697164033411224,0.3460099091155629,0.11697164033411224
BA5C1BDF-5737-4AB3-985F-84FF834B8FCB,21,0.31262867122633886,0.12838156376476,0.40263839916264377,0.12838156376476
2886E716-6F57-4E8A-B53F-7103ACB7161D,1,0.8876644182545784,0.13007798060986722,0.29519761522563925,0.13007798060986722
2886E716-6F57-4E8A-B53F-7103ACB7161D,3,0.37515474926918174,0.1132997000837062,0.30607261215224146,0.1132997000837062
2886E716-6F57-4E8A-B53F-7103ACB7161D,5,0.3907451154250387,0.11480167370987605,0.25066831527946076,0.11480167370987605
2886E716-6F57-4E8A-B53F-7103ACB7161D,7,0.399487927636066,0.11559173126828,0.2675047551140743,0.11559173126828
2886E716-6F57-4E8A-B53F-7103ACB7161D,11,0.4005328026437455,0.11996107321267784,0.2763803901319061,0.11996107321267784
2886E716-6F57-4E8A-B53F-7103ACB7161D,21,0.380674725595298,0.1267756833119453,0.29242792894661634,0.1267756833119453
DD20AE4C-5A31-4570-8795-DE91A8DE0921,1,0.6848927427324634,0.12828458763069897,0.3835736661102525,0.12828458763069897
DD20AE4C-5A31-4570-8795-DE91A8DE0921,3,0.3664038994706244,0.1275061158202495,0.42173850820334746,0.1275061158202495
DD20AE4C-5A31-4570-8795-DE91A8DE0921,5,0.23930821354795942,0.13169622195072403,0.41594540272073854,0.13169622195072403
DD20AE4C-5A31-4570-8795-DE91A8DE0921,7,0.27563557275429174,0.13400868895709858,0.3965297057367528,0.13400868895709858
DD20AE4C-5A31-4570-8795-DE91A8DE0921,11,0.3093423370768789,0.13904239533656493,0.417200154694254,0.13904239533656493
DD20AE4C-5A31-4570-8795-DE91A8DE0921,21,0.33495272997519804,0.13280328995203733,0.3895177479778828,0.13280328995203733
33E80DFD-9C63-476A-8236-0B098791DD4B,1,0.8742972059965168,0.1284063642328446,0.36074632014833485,0.1284063642328446
33E80DFD-9C63-476A-8236-0B098791DD4B,3,0.6631410479368228,0.12545141904018864,0.435038584360763,0.12545141904018864
33E80DFD-9C63-476A-8236-0B098791DD4B,5,0.5248192156947296,0.12195265803868914,0.4384438489880093,0.12195265803868914
33E80DFD-9C63-476A-8236-0B098791DD4B,7,0.4198149752718965,0.12646859072227504,0.4553520450481521,0.12646859072227504
33E80DFD-9C63-476A-8236-0B098791DD4B,11,0.43791816505108594,0.11755936865738717,0.4799519596534493,0.11755936865738717
33E80DFD-9C63-476A-8236-0B098791DD4B,21,0.4316005979331001,0.12108337701219614,0.45870128027935775,0.12108337701219614
2C38D3D3-1411-4EAB-B1A1-6FE6CA06E6DD,1,0.5532919983719345,0.12082744443399245,0.23392917906463853,0.12082744443399245
2C38D3D3-1411-4EAB-B1A1-6FE6CA06E6DD,3,0.36903530415255364,0.11611429706297617,0.2273120518316023,0.11611429706297617
2C38D3D3-1411-4EAB-B1A1-6FE6CA06E6DD,5,0.31897844850409357,0.112668078427836,0.2235496775578966,0.112668078427836
2C38D3D3-1411-4EAB-B1A1-6FE6CA06E6DD,7,0.30962362284696504,0.1114691250549368,0.2356818866635217,0.1114691250549368
2C38D3D3-1411-4EAB-B1A1-6FE6CA06E6DD,11,0.35062231716585945,0.11254461828075674,0.2360982241757745,0.11254461828075674
2C38D3D3-1411-4EAB-B1A1-6FE6CA06E6DD,21,0.3380778967664688,0.11368167657474904,0.29988899382140066,0.11368167657474904
929FBCAD-3B11-464C-82C3-1FEB4D11ABF9,1,0.6481546186813077,0.12660085288145184,0.27919930908601365,0.12660085288145184
929FBCAD-3B11-464C-82C3-1FEB4D11ABF9,3,0.3241777452756548,0.12935648821666892,0.29902184601423987,0.12935648821666892
929FBCAD-3B11-464C-82C3-1FEB4D11ABF9,5,0.34846815309703255,0.13551228942744128,0.3394633909043847,0.13551228942744128
929FBCAD-3B11-464C-82C3-1FEB4D11ABF9,7,0.2969457812511705,0.14172462587904228,0.3468717242867333,0.14172462587904228
929FBCAD-3B11-464C-82C3-1FEB4D11ABF9,11,0.3154946341486037,0.14203710115894538,0.31912485211300967,0.14203710115894538
929FBCAD-3B11-464C-82C3-1FEB4D11ABF9,21,0.42757326813039725,0.13545319790489949,0.3039611936705463,0.13545319790489949
0FB8D70F-0583-4C8A-9708-886CBD0A2C86,1,0.8088590495205519,0.13094548021681635,0.28866175420937856,0.13094548021681635
0FB8D70F-0583-4C8A-9708-886CBD0A2C86,3,0.41977694574939256,0.12867160665130345,0.3147542642761313,0.12867160665130345
0FB8D70F-0583-4C8A-9708-886CBD0A2C86,5,0.33373118814066777,0.12187115796741978,0.2961691699206735,0.12187115796741978
0FB8D70F-0583-4C8A-9708-886CBD0A2C86,7,0.37840605030791535,0.12137200437586577,0.28310241128827374,0.12137200437586577
0FB8D70F-0583-4C8A-9708-886CBD0A2C86,11,0.2399680016505167,0.13073746078904797,0.2915234295502554,0.13073746078904797
0FB8D70F-0583-4C8A-9708-886CBD0A2C86,21,0.3551136544046568,0.13834200724959395,0.35686028517290785,0.13834200724959395
688A5027-C60F-47BA-8ED0-3D5E12DBE1CF,1,0.5406776553459868,0.11414685025648444,0.2372974483152876,0.11414685025648444
688A5027-C60F-47BA-8ED0-3D5E12DBE1CF,3,0.46428311069564426,0.10485746866752853,0.21889516975211717,0.10485746866752853
688A5027-C60F-47BA-8ED0-3D5E12DBE1CF,5,0.3271807439073147,0.10354445480571137,0.20185661129976262,0.10354445480571137
688A5027-C60F-47BA-8ED0-3D5E12DBE1CF,7,0.37532945638777765,0.10680999765082705,0.1921670635835028,0.10680999765082705
688A5027-C60F-47BA-8ED0-3D5E12DBE1CF,11,0.5183002079854047,0.11907624027771979,0.3132540641529783,0.11907624027771979
688A5027-C60F-47BA-8ED0-3D5E12DBE1CF,21,0.3926529788210106,0.12011357016077626,0.3205116891108484,0.12011357016077626
BD65FBA0-91F9-45F8-9F53-C7649DB903BC,1,0.8688192456620086,0.12143542221401896,0.2684077208791811,0.12143542221401896
BD65FBA0-91F9-45F8-9F53-C7649DB903BC,3,0.384462481611221,0.11664938014481809,0.23350390616792582,0.11664938014481809
BD65FBA0-91F9-45F8-9F53-C7649DB903BC,5,0.3684705058077753,0.11627851193853793,0.22699933748754433,0.11627851193853793
BD65FBA0-91F9-45F8-9F53-C7649DB903BC,7,0.4003760212765375,0.11952953173498497,0.24386347407719394,0.11952953173498497
BD65FBA0-91F9-45F8-9F53-C7649DB903BC,11,0.398299148224304,0.11447390833452115,0.24188476579557833,0.11447390833452115
BD65FBA0-91F9-45F8-9F53-C7649DB903BC,21,0.4230150543080368,0.12024575071751199,0.260432160386329,0.12024575071751199
4C84D073-8E95-4BB3-924D-8AE018CB08EB,1,0.876991311130836,0.11893297659467982,0.22595123929063948,0.11893297659467982
4C84D073-8E95-4BB3-924D-8AE018CB08EB,3,0.4049555957379804,0.11513517260880257,0.24548192390262985,0.11513517260880257
4C84D073-8E95-4BB3-924D-8AE018CB08EB,5,0.36008294410984576,0.11811207655456471,0.24927037754050627,0.11811207655456471
4C84D073-8E95-4BB3-924D-8AE018CB08EB,7,0.4278050660519432,0.11765942269490864,0.2564634767157523,0.11765942269490864
4C84D073-8E95-4BB3-924D-8AE018CB08EB,11,0.3404386800564179,0.11773982307454421,0.2445340566750622,0.11773982307454421
4C84D073-8E95-4BB3-924D-8AE018CB08EB,21,0.5499390004245506,0.12285569582670396,0.2723196094416469,0.12285569582670396
FCBF54B7-09CA-4474-9904-AAA005AF6544,1,0.7534270925414929,0.12935197855232494,0.2244980535132714,0.12935197855232494
FCBF54B7-09CA-4474-9904-AAA005AF6544,3,0.561954062133853,0.12118189434389894,0.2441817811800515,0.12118189434389894
FCBF54B7-09CA-4474-9904-AAA005AF6544,5,0.45622915020401156,0.11886658969038347,0.25720832590901,0.11886658969038347
FCBF54B7-09CA-4474-9904-AAA005AF6544,7,0.528852927502683,0.1273727045911062,0.29729275465591093,0.1273727045911062
FCBF54B7-09CA-4474-9904-AAA005AF6544,11,0.28798242112429917,0.12229595448511904,0.3354043434482038,0.12229595448511904
FCBF54B7-09CA-4474-9904-AAA005AF6544,21,0.5854311170583902,0.13230376375572858,0.3875600724985063,0.13230376375572858
C1C05787-D1E3-4734-807C-BFAB45E984A2,1,0.612108333631189,0.12264029685183457,0.25327227201462077,0.12264029685183457
C1C05787-D1E3-4734-807C-BFAB45E984A2,3,0.3429050631865463,0.11831949398801754,0.2838211840008596,0.11831949398801754
C1C05787-D1E3-4734-807C-BFAB45E984A2,5,0.32456235196110034,0.12161924892273186,0.2680971054876919,0.12161924892273186
C1C05787-D1E3-4734-807C-BFAB45E984A2,7,0.4594656857062244,0.11755632186290864,0.30963635218481267,0.11755632186290864
C1C05787-D1E3-4734-807C-BFAB45E984A2,11,0.33799650907912443,0.11853930950113763,0.3190734571512868,0.11853930950113763
C1C05787-D1E3-4734-807C-BFAB45E984A2,21,0.33286225773959327,0.1279196948571709,0.3439927204505149,0.1279196948571709
25DA8B31-EB27-4DCB-B297-2BE08EEF72C1,1,0.8855242914370646,0.13339113237109543,0.3488022970352903,0.13339113237109543
25DA8B31-EB27-4DCB-B297-2BE08EEF72C1,3,0.5565329446107896,0.12263306119146958,0.33700013201038054,0.12263306119146958
25DA8B31-EB27-4DCB-B297-2BE08EEF72C1,5,0.5040315803590434,0.12237879880188773,0.30119111075656524,0.12237879880188773
25DA8B31-EB27-4DCB-B297-2BE08EEF72C1,7,0.39669958311375814,0.11885756793546941,0.28035927676386746,0.11885756793546941
25DA8B31-EB27-4DCB-B297-2BE08EEF72C1,11,0.3494343516603608,0.125059145856486,0.2782452822240685,0.125059145856486
25DA8B31-EB27-4DCB-B297-2BE08EEF72C1,21,0.4169900401881451,0.13951792899374363,0.32627463674632917,0.13951792899374363
5DC110BD-9E5E-4EF2-907F-A4DB678D6F21,1,0.6818362486136277,0.1154444779770953,0.2650893020080327,0.1154444779770953
5DC110BD-9E5E-4EF2-907F-A4DB678D6F21,3,0.424189655809371,0.11713242596444645,0.27090254219180665,0.11713242596444645
5DC110BD-9E5E-4EF2-907F-A4DB678D6F21,5,0.4020412614041893,0.11253163373164136,0.2581940885241805,0.11253163373164136
5DC110BD-9E5E-4EF2-907F-A4DB678D6F21,7,0.23277115596956208,0.11151928175632318,0.27330604025963123,0.11151928175632318
5DC110BD-9E5E-4EF2-907F-A4DB678D6F21,11,0.3937555030961347,0.11579293378398586,0.30034428557327164,0.11579293378398586
5DC110BD-9E5E-4EF2-907F-A4DB678D6F21,21,0.5742278656327257,0.12601156249188458,0.3301893996065549,0.12601156249188458
C93C6541-BAB5-42DE-9AA3-62F7A0055BCD,1,0.5468372011644728,0.12954432441678135,0.2843825307435184,0.12954432441678135
C93C6541-BAB5-42DE-9AA3-62F7A0055BCD,3,0.3677159782036298,0.12309724086453275,0.30597973601071127,0.12309724086453275
C93C6541-BAB5-42DE-9AA3-62F7A0055BCD,5,0.3568228914455535,0.12186368212028699,0.30579349478719065,0.12186368212028699
C93C6541-BAB5-42DE-9AA3-62F7A0055BCD,7,0.3598700285728249,0.12460260873937526,0.28176614463999383,0.12460260873937526
C93C6541-BAB5-42DE-9AA3-62F7A0055BCD,11,0.3796737348377089,0.12629217234037102,0.3171115787201657,0.12629217234037102
C93C6541-BAB5-42DE-9AA3-62F7A0055BCD,21,0.39766183910328595,0.12796684104218903,0.3425539169202178,0.12796684104218903
2E53CBA1-5B2A-407B-9240-BB186CD48E7B,1,0.5491887212268535,0.11565741555337143,0.2554410010892627,0.11565741555337143
2E53CBA1-5B2A-407B-9240-BB186CD48E7B,3,0.35592594317479387,0.10707768692485994,0.2973331979930852,0.10707768692485994
2E53CBA1-5B2A-407B-9240-BB186CD48E7B,5,0.42044962610909625,0.10634587843652898,0.3279050410678779,0.10634587843652898
2E53CBA1-5B2A-407B-9240-BB186CD48E7B,7,0.38063566511715996,0.11122511223276833,0.3466845323870368,0.11122511223276833
2E53CBA1-5B2A-407B-9240-BB186CD48E7B,11,0.4478898747698316,0.126627491717828,0.3680121577419331,0.126627491717828
2E53CBA1-5B2A-407B-9240-BB186CD48E7B,21,0.3650725417647439,0.13608623530600297,0.3812245360297075,0.13608623530600297
D3540F81-5976-4DCE-A5FE-A519347B6933,1,0.6698924582376842,0.12249749210453373,0.28313447082698284,0.12249749210453373
D3540F81-5976-4DCE-A5FE-A519347B6933,3,0.6008217019799362,0.12191131628105363,0.3144921827784411,0.12191131628105363
D3540F81-5976-4DCE-A5FE-A519347B6933,5,0.4634689294771292,0.11744454718293647,0.3233613926735509,0.11744454718293647
D3540F81-5976-4DCE-A5FE-A519347B6933,7,0.2775111294308165,0.11726642143982086,0.35061673657391784,0.11726642143982086
D3540F81-5976-4DCE-A5FE-A519347B6933,11,0.25396084032589833,0.12848098429122942,0.35864913121700714,0.12848098429122942
D3540F81-5976-4DCE-A5FE-A519347B6933,21,0.3787722421357577,0.12681335881335706,0.3361156856754578,0.12681335881335706
A8DA2486-AF5A-4D19-8D7E-A9BB169BE4C3,1,0.794116196874718,0.12610783269219314,0.2507265382578536,0.12610783269219314
A8DA2486-AF5A-4D19-8D7E-A9BB169BE4C3,3,0.36170821980625417,0.11751030938726417,0.24858293066448933,0.11751030938726417
A8DA2486-AF5A-4D19-8D7E-A9BB169BE4C3,5,0.3681941022178664,0.11501725611415348,0.2628154125449411,0.11501725611415348
A8DA2486-AF5A-4D19-8D7E-A9BB169BE4C3,7,0.4668235720555184,0.11893076987668233,0.2678119106240512,0.11893076987668233
A8DA2486-AF5A-4D19-8D7E-A9BB169BE4C3,11,0.5490647502599754,0.12548080885422852,0.281085524663516,0.12548080885422852
A8DA2486-AF5A-4D19-8D7E-A9BB169BE4C3,21,0.39908168479864786,0.11772873260001795,0.27181711165634725,0.11772873260001795
8EA9AE03-E00B-453E-A3E1-DCF6994E816F,1,0.8240912283149882,0.14649216317827193,0.3097232809701006,0.14649216317827193
8EA9AE03-E00B-453E-A3E1-DCF6994E816F,3,0.42336141193434007,0.1326813546104924,0.28772694951001637,0.1326813546104924
8EA9AE03-E00B-453E-A3E1-DCF6994E816F,5,0.4614819175437147,0.12586995017288397,0.29659306896023696,0.12586995017288397
8EA9AE03-E00B-453E-A3E1-DCF6994E816F,7,0.31969198695856327,0.12992357596438378,0.2835986021705108,0.12992357596438378
8EA9AE03-E00B-453E-A3E1-DCF6994E816F,11,0.41673952175423934,0.13846953175907536,0.36456524267102325,0.13846953175907536
8EA9AE03-E00B-453E-A3E1-DCF6994E816F,21,0.3561587983946095,0.1307428453863795,0.355324009997941,0.1307428453863795
1DC5B498-B4DB-4C02-9254-C5A6F15C6935,1,0.7851004214018579,0.1314897618575381,0.24163785797468784,0.1314897618575381
1DC5B498-B4DB-4C02-9254-C5A6F15C6935,3,0.39316005220166794,0.12849244854120503,0.23539036905296157,0.12849244854120503
1DC5B498-B4DB-4C02-9254-C5A6F15C6935,5,0.3625396954805286,0.12639369757619043,0.2627077566841804,0.12639369757619043
1DC5B498-B4DB-4C02-9254-C5A6F15C6935,7,0.3416465484231931,0.12785649961288992,0.2809688151128474,0.12785649961288992
1DC5B498-B4DB-4C02-9254-C5A6F15C6935,11,0.3174582416989202,0.1428247581075182,0.31606107194800226,0.1428247581075182
1DC5B498-B4DB-4C02-9254-C5A6F15C6935,21,0.29896772842430547,0.1438869342555096,0.36082243772385664,0.1438869342555096
E61AE0B0-5397-480D-869C-B4F4913C6FB3,1,0.696696692629302,0.12588962560380984,0.2728142917250239,0.12588962560380984
E61AE0B0-5397-480D-869C-B4F4913C6FB3,3,0.4032936755505131,0.1171656501027847,0.257846215037591,0.1171656501027847
E61AE0B0-5397-480D-869C-B4F4913C6FB3,5,0.3805809058276226,0.11713798496103155,0.2656740280117278,0.11713798496103155
E61AE0B0-5397-480D-869C-B4F4913C6FB3,7,0.3417355142003983,0.11250150245499611,0.22383467349566313,0.11250150245499611
E61AE0B0-5397-480D-869C-B4F4913C6FB3,11,0.34021401823602326,0.11287097458822058,0.233917453786053,0.11287097458822058
E61AE0B0-5397-480D-869C-B4F4913C6FB3,21,0.3671033259527019,0.11067671312765706,0.2638979472305689,0.11067671312765706
BBE460B8-7C6C-42C9-9000-99A904F85535,1,0.6330324070779081,0.12496876139790024,0.24664570558409343,0.12496876139790024
BBE460B8-7C6C-42C9-9000-99A904F85535,3,0.38886539044982016,0.12290659186723867,0.3019989456398845,0.12290659186723867
BBE460B8-7C6C-42C9-9000-99A904F85535,5,0.3063349369374791,0.12292364454226778,0.2823877868303304,0.12292364454226778
BBE460B8-7C6C-42C9-9000-99A904F85535,7,0.4434397925762611,0.12261031704304481,0.30289819441613697,0.12261031704304481
BBE460B8-7C6C-42C9-9000-99A904F85535,11,0.3322331014626218,0.13152019850018165,0.35346831546305857,0.13152019850018165
BBE460B8-7C6C-42C9-9000-99A904F85535,21,0.3485919504853515,0.13189262255587425,0.39837815586524494,0.13189262255587425
9D6583F4-4069-4D81-BAA6-17C259EF5759,1,0.8922423754004413,0.12226931198966487,0.26805579986488937,0.12226931198966487
9D6583F4-4069-4D81-BAA6-17C259EF5759,3,0.40030993155599803,0.1132402446783464,0.27188274561533177,0.1132402446783464
9D6583F4-4069-4D81-BAA6-17C259EF5759,5,0.3531790299425138,0.11123130090944329,0.2647754815125855,0.11123130090944329
9D6583F4-4069-4D81-BAA6-17C259EF5759,7,0.38732464177134796,0.11121291883260964,0.2154284120078713,0.11121291883260964
9D6583F4-4069-4D81-BAA6-17C259EF5759,11,0.3989318883669315,0.10907218239434863,0.24612945979020068,0.10907218239434863
9D6583F4-4069-4D81-BAA6-17C259EF5759,21,0.41292591454179123,0.11516050805744843,0.24629919141929452,0.11516050805744843
96224CCE-8232-4CB3-8238-7B2047277C71,1,0.9492267245490781,0.12493091879801824,0.267397176223258,0.12493091879801824
96224CCE-8232-4CB3-8238-7B2047277C71,3,0.4765180022877008,0.11701565076932571,0.2943253801673471,0.11701565076932571
96224CCE-8232-4CB3-8238-7B2047277C71,5,0.4311446759763912,0.11777590564428225,0.3116327088221852,0.11777590564428225
96224CCE-8232-4CB3-8238-7B2047277C71,7,0.3126877773485054,0.11135176478673864,0.3097223044768944,0.11135176478673864
96224CCE-8232-4CB3-8238-7B2047277C71,11,0.3594246343438799,0.1102042953664018,0.28786839297926303,0.1102042953664018
96224CCE-8232-4CB3-8238-7B2047277C71,21,0.4418224540989089,0.11774378294814665,0.34165828706325563,0.11774378294814665
A0F99AED-1D50-47D5-A857-4DEE3A922B9E,1,0.9198772266541403,0.12002044591504198,0.2730738758365522,0.12002044591504198
A0F99AED-1D50-47D5-A857-4DEE3A922B9E,3,0.5223334166397013,0.1226794603251136,0.31253354983756765,0.1226794603251136
A0F99AED-1D50-47D5-A857-4DEE3A922B9E,5,0.4021638503788988,0.11913839790040871,0.2923073709722782,0.11913839790040871
A0F99AED-1D50-47D5-A857-4DEE3A922B9E,7,0.4829598718178545,0.11728899291338854,0.28810039451474695,0.11728899291338854
A0F99AED-1D50-47D5-A857-4DEE3A922B9E,11,0.414733124320931,0.10917790791735339,0.29436541902826774,0.10917790791735339
A0F99AED-1D50-47D5-A857-4DEE3A922B9E,21,0.28093035069617944,0.10592848813261523,0.31304343727028827,0.10592848813261523
8AA9CCFA-5409-49FE-881D-3616F4AD182E,1,0.7191550598912694,0.11936123171605867,0.2972892809882388,0.11936123171605867
8AA9CCFA-5409-49FE-881D-3616F4AD182E,3,0.3111744382524475,0.11400349940887326,0.3342015976873241,0.11400349940887326
8AA9CCFA-5409-49FE-881D-3616F4AD182E,5,0.3577218152084393,0.1158268348515872,0.2795793297273715,0.1158268348515872
8AA9CCFA-5409-49FE-881D-3616F4AD182E,7,0.3000545085290184,0.11042899403108423,0.2655149904076009,0.11042899403108423
8AA9CCFA-5409-49FE-881D-3616F4AD182E,11,0.3381936351735704,0.11585026081893272,0.2814163296727227,0.11585026081893272
8AA9CCFA-5409-49FE-881D-3616F4AD182E,21,0.24935735556554434,0.1147669560110121,0.31140961353265756,0.1147669560110121
23597F7E-0DDB-4832-9E43-B693655D2B89,1,0.7404233533786072,0.12341411580231222,0.2424399791996672,0.12341411580231222
23597F7E-0DDB-4832-9E43-B693655D2B89,3,0.42624786730797476,0.12327094092860458,0.2967940882739425,0.12327094092860458
23597F7E-0DDB-4832-9E43-B693655D2B89,5,0.38674082614478866,0.12433568493317587,0.31376977740202816,0.12433568493317587
23597F7E-0DDB-4832-9E43-B693655D2B89,7,0.33778280249513787,0.11744884048925489,0.29022949881089055,0.11744884048925489
23597F7E-0DDB-4832-9E43-B693655D2B89,11,0.4022425744366547,0.1265616805168343,0.2857652241707691,0.1265616805168343
23597F7E-0DDB-4832-9E43-B693655D2B89,21,0.28182407098800183,0.12964237633258383,0.32712212831662785,0.12964237633258383
7DCE324B-A498-4EF6-BD28-9DC4B1675BE1,1,0.5557093353352188,0.13374136490881927,0.291133225677889,0.13374136490881927
7DCE324B-A498-4EF6-BD28-9DC4B1675BE1,3,0.44547100505637344,0.12419113781293191,0.2842906828756704,0.12419113781293191
7DCE324B-A498-4EF6-BD28-9DC4B1675BE1,5,0.35048908949696617,0.12110304106221349,0.27036947114020327,0.12110304106221349
7DCE324B-A498-4EF6-BD28-9DC4B1675BE1,7,0.5178607893536005,0.12304282387114113,0.2698987889343353,0.12304282387114113
7DCE324B-A498-4EF6-BD28-9DC4B1675BE1,11,0.4245852372527758,0.12854642171875832,0.27074296404608716,0.12854642171875832
7DCE324B-A498-4EF6-BD28-9DC4B1675BE1,21,0.26317885054847484,0.13786493520453844,0.29951718791672854,0.13786493520453844
224E989D-6283-49B7-BB40-371258CA926A,1,0.6709245590492761,0.12121320727625218,0.28043055061784716,0.12121320727625218
224E989D-6283-49B7-BB40-371258CA926A,3,0.5604117712206842,0.11345159075648595,0.3161228448589366,0.11345159075648595
224E989D-6283-49B7-BB40-371258CA926A,5,0.45185062479681093,0.11331328714882007,0.3062224262471601,0.11331328714882007
224E989D-6283-49B7-BB40-371258CA926A,7,0.48744127053683867,0.11343570711205794,0.3057445282256974,0.11343570711205794
224E989D-6283-49B7-BB40-371258CA926A,11,0.36057768497462217,0.11934205385341962,0.2676007402220998,0.11934205385341962
224E989D-6283-49B7-BB40-371258CA926A,21,0.35777024045159955,0.12909343058445358,0.30905248203486957,0.12909343058445358
AAC55A88-9E88-47D2-AF57-2D1EB4C18868,1,0.9284082320585807,0.12576599476013778,0.24942599467569362,0.12576599476013778
AAC55A88-9E88-47D2-AF57-2D1EB4C18868,3,0.5004002629408806,0.12288132800831786,0.3368828474762341,0.12288132800831786
AAC55A88-9E88-47D2-AF57-2D1EB4C18868,5,0.42255044403592684,0.11781987339453806,0.2909102066428195,0.11781987339453806
AAC55A88-9E88-47D2-AF57-2D1EB4C18868,7,0.39243633738708233,0.11503218021755794,0.2773747222794426,0.11503218021755794
AAC55A88-9E88-47D2-AF57-2D1EB4C18868,11,0.38242129074601194,0.1263991254621721,0.29758279086697503,0.1263991254621721
AAC55A88-9E88-47D2-AF57-2D1EB4C18868,21,0.2904806809269875,0.12500996351723218,0.3378454473577177,0.12500996351723218
8BA49448-6387-4560-97DD-75ED6456D348,1,0.7033274292199518,0.12691045032887638,0.28542103566282784,0.12691045032887638
8BA49448-6387-4560-97DD-75ED6456D348,3,0.3950548530017461,0.11176702837050047,0.27285508495751976,0.11176702837050047
8BA49448-6387-4560-97DD-75ED6456D348,5,0.34054310736937043,0.09836845696927908,0.2313488380392152,0.09836845696927908
8BA49448-6387-4560-97DD-75ED6456D348,7,0.3704564659684749,0.09888835591298795,0.21528963488532604,0.09888835591298795
8BA49448-6387-4560-97DD-75ED6456D348,11,0.3328268075309377,0.10211061193873083,0.20717817339269057,0.10211061193873083
8BA49448-6387-4560-97DD-75ED6456D348,21,0.38201753355281776,0.11529360948080747,0.31267141907200635,0.11529360948080747
E7C0FE87-E645-4454-AAF1-B23D68DF55D4,1,0.5734017188014663,0.13060022683661499,0.25953892944314294,0.13060022683661499
E7C0FE87-E645-4454-AAF1-B23D68DF55D4,3,0.40263758344871814,0.12314702988306343,0.2684727842209683,0.12314702988306343
E7C0FE87-E645-4454-AAF1-B23D68DF55D4,5,0.42470674039908257,0.11893756143025447,0.2568462888268186,0.11893756143025447
E7C0FE87-E645-4454-AAF1-B23D68DF55D4,7,0.3841429839738711,0.1247639631588704,0.2845109529892327,0.1247639631588704
E7C0FE87-E645-4454-AAF1-B23D68DF55D4,11,0.3761084285108964,0.12674074031179042,0.28835984365524153,0.12674074031179042
E7C0FE87-E645-4454-AAF1-B23D68DF55D4,21,0.4686249215467981,0.13232346001796336,0.2997425990822403,0.13232346001796336
75595E61-6AEE-43BC-9443-072F7FA436B4,1,0.7281298351221803,0.11884105259058149,0.2259326645454197,0.11884105259058149
75595E61-6AEE-43BC-9443-072F7FA436B4,3,0.46273400693792327,0.11149745667319633,0.24055049070374693,0.11149745667319633
75595E61-6AEE-43BC-9443-072F7FA436B4,5,0.5025543447674291,0.12026363995775337,0.2942432169396202,0.12026363995775337
75595E61-6AEE-43BC-9443-072F7FA436B4,7,0.48265831032549567,0.11762910995419196,0.27065502218865095,0.11762910995419196
75595E61-6AEE-43BC-9443-072F7FA436B4,11,0.31276249361436786,0.11442548428576281,0.25612808202466675,0.11442548428576281
75595E61-6AEE-43BC-9443-072F7FA436B4,21,0.4088759446665355,0.11802504902515736,0.2687938573809384,0.11802504902515736
6AB444FF-067F-47AA-9914-A67CA3517E92,1,0.7569540560150759,0.12995311910602317,0.24579478393422027,0.12995311910602317
6AB444FF-067F-47AA-9914-A67CA3517E92,3,0.31085420466296954,0.12218931501823045,0.3120974483785549,0.12218931501823045
6AB444FF-067F-47AA-9914-A67CA3517E92,5,0.35333767720076426,0.11737211426528553,0.34192564505882683,0.11737211426528553
6AB444FF-067F-47AA-9914-A67CA3517E92,7,0.36528237779504474,0.11646304303581835,0.3447473823645738,0.11646304303581835
6AB444FF-067F-47AA-9914-A67CA3517E92,11,0.3471925743451917,0.10939696208584322,0.2862694544517672,0.10939696208584322
6AB444FF-067F-47AA-9914-A67CA3517E92,21,0.3091160809424037,0.11267838772015784,0.28377198681663107,0.11267838772015784
D025E3BB-19E4-4DC8-9186-6A256A1E99DD,1,0.8540541355109776,0.1116504084982035,0.3031024297941701,0.1116504084982035
D025E3BB-19E4-4DC8-9186-6A256A1E99DD,3,0.7556634461074618,0.11392780946771978,0.3128093767422799,0.11392780946771978
D025E3BB-19E4-4DC8-9186-6A256A1E99DD,5,0.3784752744471985,0.11242401287493925,0.3692689208440225,0.11242401287493925
D025E3BB-19E4-4DC8-9186-6A256A1E99DD,7,0.4107580720583254,0.1167238119457226,0.3625488877784152,0.1167238119457226
D025E3BB-19E4-4DC8-9186-6A256A1E99DD,11,0.47767284139746874,0.11234258276481036,0.41693580178728396,0.11234258276481036
D025E3BB-19E4-4DC8-9186-6A256A1E99DD,21,0.4339759092466281,0.12761671538281516,0.4349647701391285,0.12761671538281516
F01518ED-BE50-4AE9-A0CE-04FC4543FAAA,1,0.4952361059321511,0.10521665396049414,0.19901371138415164,0.10521665396049414
F01518ED-BE50-4AE9-A0CE-04FC4543FAAA,3,0.3315826884045236,0.10152661478661909,0.21065365782367781,0.10152661478661909
F01518ED-BE50-4AE9-A0CE-04FC4543FAAA,5,0.3525657551574611,0.10723247409023857,0.232101154731006,0.10723247409023857
F01518ED-BE50-4AE9-A0CE-04FC4543FAAA,7,0.35704520434186116,0.1094454403674949,0.24952517365593832,0.1094454403674949
F01518ED-BE50-4AE9-A0CE-04FC4543FAAA,11,0.4172379455323528,0.11440624283651785,0.27373610836591594,0.11440624283651785
F01518ED-BE50-4AE9-A0CE-04FC4543FAAA,21,0.40672386777065034,0.12237736713437795,0.3295087666474703,0.12237736713437795
D0FBD140-E719-4CA3-AB29-2471FE0671F9,1,0.7079607835452276,0.11280475089464743,0.26221825959982625,0.11280475089464743
D0FBD140-E719-4CA3-AB29-2471FE0671F9,3,0.3571307964315606,0.11468412982102259,0.26633380818819063,0.11468412982102259
D0FBD140-E719-4CA3-AB29-2471FE0671F9,5,0.25471114125849637,0.11418831169495905,0.2935613591273347,0.11418831169495905
D0FBD140-E719-4CA3-AB29-2471FE0671F9,7,0.32657362408511326,0.12421813726659886,0.34565854928165685,0.12421813726659886
D0FBD140-E719-4CA3-AB29-2471FE0671F9,11,0.3592569126567242,0.12489891895621405,0.33411614077801877,0.12489891895621405
D0FBD140-E719-4CA3-AB29-2471FE0671F9,21,0.25781780935959114,0.13032617845998104,0.2985490396244565,0.13032617845998104
9A841901-DFA0-4ECD-A758-87E1C8A1D0D0,1,0.8328762399382273,0.1293044306039292,0.2368691633453251,0.1293044306039292
9A841901-DFA0-4ECD-A758-87E1C8A1D0D0,3,0.4122421169538522,0.12770993461691157,0.2769981249872156,0.12770993461691157
9A841901-DFA0-4ECD-A758-87E1C8A1D0D0,5,0.5207640973259822,0.12844662956133843,0.2819389708893014,0.12844662956133843
9A841901-DFA0-4ECD-A758-87E1C8A1D0D0,7,0.37267186654947887,0.12081599754656973,0.2451489952646645,0.12081599754656973
9A841901-DFA0-4ECD-A758-87E1C8A1D0D0,11,0.463319759744354,0.12535893555475883,0.32207792339349467,0.12535893555475883
9A841901-DFA0-4ECD-A758-87E1C8A1D0D0,21,0.36814439697260776,0.1291192525517735,0.3407133533317086,0.1291192525517735
57336097-B341-4203-A209-31CC1E860A9C,1,0.769551266562049,0.1126040682671875,0.21037167710283494,0.1126040682671875
57336097-B341-4203-A209-31CC1E860A9C,3,0.30704041745961536,0.10136831437557237,0.22009544372540324,0.10136831437557237
57336097-B341-4203-A209-31CC1E860A9C,5,0.3466223429217146,0.10347519821817888,0.23152980533014716,0.10347519821817888
57336097-B341-4203-A209-31CC1E860A9C,7,0.2854112885239499,0.1042155831598458,0.2559580466405875,0.1042155831598458
57336097-B341-4203-A209-31CC1E860A9C,11,0.31108958459090796,0.10704323757405983,0.24558168756126697,0.10704323757405983
57336097-B341-4203-A209-31CC1E860A9C,21,0.34423652795288306,0.10630931615238719,0.25732596719973455,0.10630931615238719
1BD205B5-9C49-4550-8C29-CF66EB3841D3,1,0.6473555216301773,0.12347893247798782,0.25171898235369883,0.12347893247798782
1BD205B5-9C49-4550-8C29-CF66EB3841D3,3,0.3829219553941581,0.11633150324076656,0.2569334638413212,0.11633150324076656
1BD205B5-9C49-4550-8C29-CF66EB3841D3,5,0.36708744927515263,0.11693469300491374,0.2642374554204847,0.11693469300491374
1BD205B5-9C49-4550-8C29-CF66EB3841D3,7,0.32063382217850855,0.11188863372087282,0.2681888285579758,0.11188863372087282
1BD205B5-9C49-4550-8C29-CF66EB3841D3,11,0.3778166575243501,0.1207095570374353,0.2765248278516007,0.1207095570374353
1BD205B5-9C49-4550-8C29-CF66EB3841D3,21,0.40262006387452776,0.11063117942586682,0.2796868173081086,0.11063117942586682
31A10066-EBA4-4B2B-A9F4-AF029380059A,1,0.5165385664815721,0.12426649733094136,0.27777707368661375,0.12426649733094136
31A10066-EBA4-4B2B-A9F4-AF029380059A,3,0.32507080300699215,0.11382840092722794,0.25103811220552164,0.11382840092722794
31A10066-EBA4-4B2B-A9F4-AF029380059A,5,0.31179270860891645,0.11375729572973228,0.2462881248622639,0.11375729572973228
31A10066-EBA4-4B2B-A9F4-AF029380059A,7,0.37646911366120334,0.11546596930918557,0.2554912548252476,0.11546596930918557
31A10066-EBA4-4B2B-A9F4-AF029380059A,11,0.2534901444845699,0.12055228198159346,0.28460440305594215,0.12055228198159346
31A10066-EBA4-4B2B-A9F4-AF029380059A,21,0.31521867085935906,0.10949539079221222,0.24712163072762017,0.10949539079221222
0F69CDD9-EAAD-4F81-934F-8BA98B1424F6,1,0.6937672524774636,0.11378396671003403,0.33340204260294765,0.11378396671003403
0F69CDD9-EAAD-4F81-934F-8BA98B1424F6,3,0.6079074758134684,0.10581144865881592,0.37630147558722765,0.10581144865881592
0F69CDD9-EAAD-4F81-934F-8BA98B1424F6,5,0.3110281964071081,0.10592632730891173,0.37397868283456037,0.10592632730891173
0F69CDD9-EAAD-4F81-934F-8BA98B1424F6,7,0.5135200582967293,0.10934964094257568,0.36762162965490014,0.10934964094257568
0F69CDD9-EAAD-4F81-934F-8BA98B1424F6,11,0.35635421832945496,0.10939208338676104,0.36172865777405305,0.10939208338676104
0F69CDD9-EAAD-4F81-934F-8BA98B1424F6,21,0.4051159496196244,0.13201851146768487,0.36387572488855074,0.13201851146768487
D6C243A6-CE71-4933-926F-1522DCACB25A,1,0.8527284719360508,0.13445514746187176,0.25953649512556953,0.13445514746187176
D6C243A6-CE71-4933-926F-1522DCACB25A,3,0.6524377078374948,0.12713439512442173,0.2656949732607458,0.12713439512442173
D6C243A6-CE71-4933-926F-1522DCACB25A,5,0.3852669559392128,0.11907645033971823,0.2525725963577764,0.11907645033971823
D6C243A6-CE71-4933-926F-1522DCACB25A,7,0.4205815962370368,0.11337111326786904,0.26037175579690536,0.11337111326786904
D6C243A6-CE71-4933-926F-1522DCACB25A,11,0.4054694203013725,0.10766274095761447,0.28296177217316876,0.10766274095761447
D6C243A6-CE71-4933-926F-1522DCACB25A,21,0.5083296971051594,0.1194978055828083,0.31618240787259966,0.1194978055828083
7ADC2BAE-4246-4C2A-B70E-95305A69DBE8,1,0.9169361725179288,0.13233060777008,0.3501860394381624,0.13233060777008
7ADC2BAE-4246-4C2A-B70E-95305A69DBE8,3,0.42156433263744975,0.12317689429528332,0.33481938449766613,0.12317689429528332
7ADC2BAE-4246-4C2A-B70E-95305A69DBE8,5,0.40451136307685454,0.12137490776787656,0.34082697546437346,0.12137490776787656
7ADC2BAE-4246-4C2A-B70E-95305A69DBE8,7,0.3433761568421769,0.12148450026965331,0.3064793882629583,0.12148450026965331
7ADC2BAE-4246-4C2A-B70E-95305A69DBE8,11,0.3954522551223849,0.1113052858430599,0.32181480412247376,0.1113052858430599
7ADC2BAE-4246-4C2A-B70E-95305A69DBE8,21,0.39154328113845077,0.11384973710375508,0.25690775974426927,0.11384973710375508
90FC3412-2859-47A8-AB6C-9A303BFB9ECE,1,0.7701493223675522,0.11168566596647418,0.23391800841300853,0.11168566596647418
90FC3412-2859-47A8-AB6C-9A303BFB9ECE,3,0.43003942580931376,0.10607647672145272,0.23858494365534477,0.10607647672145272
90FC3412-2859-47A8-AB6C-9A303BFB9ECE,5,0.29577764203905793,0.10608781810750828,0.25179473702454547,0.10608781810750828
90FC3412-2859-47A8-AB6C-9A303BFB9ECE,7,0.32460257116019764,0.10578256397270863,0.24839412949002146,0.10578256397270863
90FC3412-2859-47A8-AB6C-9A303BFB9ECE,11,0.3773633878664898,0.10662414934967979,0.3050039188812851,0.10662414934967979
90FC3412-2859-47A8-AB6C-9A303BFB9ECE,21,0.44617715600236835,0.11416062135909709,0.34761973349887854,0.11416062135909709
ECDE79A9-DABC-4E03-AB25-2966D757826D,1,0.7253264960614958,0.10909873275104824,0.287715495485651,0.10909873275104824
ECDE79A9-DABC-4E03-AB25-2966D757826D,3,0.37000812606875955,0.1068615481886272,0.2893522441299644,0.1068615481886272
ECDE79A9-DABC-4E03-AB25-2966D757826D,5,0.43525865797520596,0.11227982518651809,0.3131639858207792,0.11227982518651809
ECDE79A9-DABC-4E03-AB25-2966D757826D,7,0.28877092236855045,0.10899818329801096,0.30668262661560985,0.10899818329801096
ECDE79A9-DABC-4E03-AB25-2966D757826D,11,0.3176649619418589,0.11311655975383712,0.30641156529277536,0.11311655975383712
ECDE79A9-DABC-4E03-AB25-2966D757826D,21,0.4589240384558601,0.12667596244854618,0.3154445831587979,0.12667596244854618
53E1A7E1-2F67-491A-8E8D-DF42E8F0A255,1,0.593935201370572,0.10777128665888569,0.2066653460224986,0.10777128665888569
53E1A7E1-2F67-491A-8E8D-DF42E8F0A255,3,0.4819481291474419,0.10221492280179689,0.26107144499214785,0.10221492280179689
53E1A7E1-2F67-491A-8E8D-DF42E8F0A255,5,0.42681397175303953,0.10521404239041339,0.3076492492132519,0.10521404239041339
53E1A7E1-2F67-491A-8E8D-DF42E8F0A255,7,0.2991836280918072,0.10497092247891184,0.3157619235085924,0.10497092247891184
53E1A7E1-2F67-491A-8E8D-DF42E8F0A255,11,0.4492413154483204,0.09959730659950511,0.31809812078140964,0.09959730659950511
53E1A7E1-2F67-491A-8E8D-DF42E8F0A255,21,0.47953039312123324,0.10365550755608754,0.30037131960403274,0.10365550755608754
A8CB6B6B-45BB-46BD-B593-0D449DBA7D8A,1,0.6742337798202347,0.110162418818324,0.21925762982503,0.110162418818324
A8CB6B6B-45BB-46BD-B593-0D449DBA7D8A,3,0.3856878162611541,0.10520932344625768,0.21821679546367592,0.10520932344625768
A8CB6B6B-45BB-46BD-B593-0D449DBA7D8A,5,0.47853879718945286,0.108053145310804,0.26668293720467207,0.108053145310804
A8CB6B6B-45BB-46BD-B593-0D449DBA7D8A,7,0.40094566294049916,0.1092989328501063,0.2649081115483529,0.1092989328501063
A8CB6B6B-45BB-46BD-B593-0D449DBA7D8A,11,0.37489396830359734,0.11552326989957126,0.2629042849849791,0.11552326989957126
A8CB6B6B-45BB-46BD-B593-0D449DBA7D8A,21,0.3734606961130775,0.12603852785351974,0.31228344335431124,0.12603852785351974
40D63DD2-B93D-4D7F-81A4-1EA3819B249E,1,0.6624309144864428,0.11261518603075117,0.23754938866881348,0.11261518603075117
40D63DD2-B93D-4D7F-81A4-1EA3819B249E,3,0.42404013477183733,0.11122606733424789,0.27003936132232076,0.11122606733424789
40D63DD2-B93D-4D7F-81A4-1EA3819B249E,5,0.3657453480113555,0.11064862058996837,0.2768464602041073,0.11064862058996837
40D63DD2-B93D-4D7F-81A4-1EA3819B249E,7,0.3824621309791638,0.10836053069760904,0.28312606863269496,0.10836053069760904
40D63DD2-B93D-4D7F-81A4-1EA3819B249E,11,0.41499926897380257,0.12299480896909895,0.30293840335617306,0.12299480896909895
40D63DD2-B93D-4D7F-81A4-1EA3819B249E,21,0.4786674681524017,0.1233143995135673,0.3450212309560348,0.1233143995135673
BB292D24-7E21-461B-B20E-BBE940DC5681,1,0.7719962537511269,0.10776498918020976,0.21520726696030787,0.10776498918020976
BB292D24-7E21-461B-B20E-BBE940DC5681,3,0.41099737166757533,0.11120542156007232,0.31813452877238013,0.11120542156007232
BB292D24-7E21-461B-B20E-BBE940DC5681,5,0.28599283420676536,0.11736842726517736,0.3563444332704334,0.11736842726517736
BB292D24-7E21-461B-B20E-BBE940DC5681,7,0.3252661423015618,0.11867071875471097,0.3515272397499668,0.11867071875471097
BB292D24-7E21-461B-B20E-BBE940DC5681,11,0.4270908863205639,0.12704809068455203,0.37255741817595356,0.12704809068455203
BB292D24-7E21-461B-B20E-BBE940DC5681,21,0.42801822958646174,0.1467654176335431,0.39752939130734694,0.1467654176335431
B8B4F24C-6506-4D73-863D-B20627B38D08,1,0.8435180268361865,0.1314664038121516,0.2751685366935216,0.1314664038121516
B8B4F24C-6506-4D73-863D-B20627B38D08,3,0.4804014652359069,0.12137310001444994,0.27475969782350285,0.12137310001444994
B8B4F24C-6506-4D73-863D-B20627B38D08,5,0.31161890186565977,0.11874241094047731,0.30743971307063456,0.11874241094047731
B8B4F24C-6506-4D73-863D-B20627B38D08,7,0.39055576487477717,0.12097025494733202,0.30857519214203877,0.12097025494733202
B8B4F24C-6506-4D73-863D-B20627B38D08,11,0.3391544580173176,0.11610160861468836,0.29807561663263643,0.11610160861468836
B8B4F24C-6506-4D73-863D-B20627B38D08,21,0.4246101576531579,0.126477244138302,0.3026026707068468,0.126477244138302
1CAD975F-67E5-4B57-81DE-1441CAD36C7B,1,0.8870184235904629,0.12453470137475448,0.22076945599530062,0.12453470137475448
1CAD975F-67E5-4B57-81DE-1441CAD36C7B,3,0.46573584758598136,0.1106129469543826,0.24201781282975676,0.1106129469543826
1CAD975F-67E5-4B57-81DE-1441CAD36C7B,5,0.4754647619847215,0.10553825304987348,0.2897615064874628,0.10553825304987348
1CAD975F-67E5-4B57-81DE-1441CAD36C7B,7,0.3046375713261364,0.10552232432531973,0.21379878785323786,0.10552232432531973
1CAD975F-67E5-4B57-81DE-1441CAD36C7B,11,0.39254784961945877,0.11279107746647345,0.3303235097055873,0.11279107746647345
1CAD975F-67E5-4B57-81DE-1441CAD36C7B,21,0.417323896852517,0.1214246725536653,0.34926900554811335,0.1214246725536653
1439249F-449D-4A86-BBF3-CBDE12C3DDE5,1,0.8243263843441209,0.12621309052185337,0.2967492344187812,0.12621309052185337
1439249F-449D-4A86-BBF3-CBDE12C3DDE5,3,0.4447101166762139,0.12402817257113678,0.3049719901160106,0.12402817257113678
1439249F-449D-4A86-BBF3-CBDE12C3DDE5,5,0.4376083993637892,0.12349442590351352,0.2949616769223892,0.12349442590351352
1439249F-449D-4A86-BBF3-CBDE12C3DDE5,7,0.36250056273048153,0.12327134588083026,0.2666940261820291,0.12327134588083026
1439249F-449D-4A86-BBF3-CBDE12C3DDE5,11,0.4332403703091944,0.12958277582745636,0.3192515414442181,0.12958277582745636
1439249F-449D-4A86-BBF3-CBDE12C3DDE5,21,0.48087390038820055,0.14576697299770539,0.27059820853002803,0.14576697299770539
F871C084-EBE2-40AF-8908-AA626B4CB4EA,1,0.6765439407220069,0.12272979785049232,0.27873301038644094,0.12272979785049232
F871C084-EBE2-40AF-8908-AA626B4CB4EA,3,0.3342796032528577,0.10674339957554102,0.27741142282039133,0.10674339957554102
F871C084-EBE2-40AF-8908-AA626B4CB4EA,5,0.4014778861427664,0.10326435420327067,0.2987765061611769,0.10326435420327067
F871C084-EBE2-40AF-8908-AA626B4CB4EA,7,0.40846194350239146,0.10503699914851704,0.30743955573767934,0.10503699914851704
F871C084-EBE2-40AF-8908-AA626B4CB4EA,11,0.39617819448213476,0.12254480448523986,0.29122887630647404,0.12254480448523986
F871C084-EBE2-40AF-8908-AA626B4CB4EA,21,0.35651186758438846,0.12270575777145855,0.3143921889045499,0.12270575777145855
82577515-582E-4F03-97DB-8A2A71E1B9C1,1,0.6181402075519841,0.1209538109045596,0.34910766345109046,0.1209538109045596
82577515-582E-4F03-97DB-8A2A71E1B9C1,3,0.3702167777042507,0.12165274735073231,0.33961108874435675,0.12165274735073231
82577515-582E-4F03-97DB-8A2A71E1B9C1,5,0.38834255734316936,0.1262032502423022,0.3421879990110384,0.1262032502423022
82577515-582E-4F03-97DB-8A2A71E1B9C1,7,0.4066110027814056,0.13584862562210925,0.3494295214199815,0.13584862562210925
82577515-582E-4F03-97DB-8A2A71E1B9C1,11,0.45028482627080296,0.13985100074188384,0.39371678617781336,0.13985100074188384
82577515-582E-4F03-97DB-8A2A71E1B9C1,21,0.4081167372312895,0.14180633597081904,0.3915821827582408,0.14180633597081904
45D8EAD2-210C-4F04-8C7F-EA3E65484875,1,0.8703147658419634,0.132404874962559,0.30009085803414187,0.132404874962559
45D8EAD2-210C-4F04-8C7F-EA3E65484875,3,0.43983290667717173,0.12210070231672092,0.28767687613476617,0.12210070231672092
45D8EAD2-210C-4F04-8C7F-EA3E65484875,5,0.5028463188111436,0.11957475282750125,0.25488332022678767,0.11957475282750125
45D8EAD2-210C-4F04-8C7F-EA3E65484875,7,0.30907501187472114,0.11666148206132902,0.24644380738644345,0.11666148206132902
45D8EAD2-210C-4F04-8C7F-EA3E65484875,11,0.3554862652136876,0.11530486117494737,0.26550435621171975,0.11530486117494737
45D8EAD2-210C-4F04-8C7F-EA3E65484875,21,0.439537984086269,0.10538588862418384,0.22604309079441423,0.10538588862418384
6BCB6C04-137B-4145-9760-A2F293B3E598,1,0.8283250344180929,0.12004507401798453,0.24525520997983197,0.12004507401798453
6BCB6C04-137B-4145-9760-A2F293B3E598,3,0.4356448489070294,0.11198903490560562,0.20967973880462404,0.11198903490560562
6BCB6C04-137B-4145-9760-A2F293B3E598,5,0.3704704718347308,0.11218185405666624,0.21335597446904575,0.11218185405666624
6BCB6C04-137B-4145-9760-A2F293B3E598,7,0.3622157233380497,0.10872688785133741,0.2489299350800801,0.10872688785133741
6BCB6C04-137B-4145-9760-A2F293B3E598,11,0.34581044376132597,0.10923515333306401,0.2885998793119469,0.10923515333306401
6BCB6C04-137B-4145-9760-A2F293B3E598,21,0.45583626387021814,0.10760270664047732,0.22415627435777447,0.10760270664047732
147A494E-7009-48B0-B912-218C2087F0E4,1,0.6199789747885823,0.1348034926827351,0.30154793694058685,0.1348034926827351
147A494E-7009-48B0-B912-218C2087F0E4,3,0.31258168763952954,0.12418930041295018,0.3091804889311608,0.12418930041295018
147A494E-7009-48B0-B912-218C2087F0E4,5,0.31590547912716804,0.11579546134100534,0.3314735742944069,0.11579546134100534
147A494E-7009-48B0-B912-218C2087F0E4,7,0.32394231003743745,0.11126127695513244,0.29216889446385136,0.11126127695513244
147A494E-7009-48B0-B912-218C2087F0E4,11,0.2721148899956781,0.11557573741021254,0.29849054757444904,0.11557573741021254
147A494E-7009-48B0-B912-218C2087F0E4,21,0.5487030518344926,0.11350654605766404,0.30090816119223696,0.11350654605766404
2B37095F-DF58-4168-8498-8FE99A1E3B5D,1,0.7822404608052149,0.11756819115103292,0.26316698526195603,0.11756819115103292
2B37095F-DF58-4168-8498-8FE99A1E3B5D,3,0.41983967128175964,0.11926536422623751,0.32029936495083605,0.11926536422623751
2B37095F-DF58-4168-8498-8FE99A1E3B5D,5,0.3755054460576166,0.12805778369782073,0.32417252311822214,0.12805778369782073
2B37095F-DF58-4168-8498-8FE99A1E3B5D,7,0.3450872006673103,0.12927582126834414,0.36718581560838204,0.12927582126834414
2B37095F-DF58-4168-8498-8FE99A1E3B5D,11,0.2620994444636475,0.12604913057100814,0.355161172054713,0.12604913057100814
2B37095F-DF58-4168-8498-8FE99A1E3B5D,21,0.44566399992764505,0.13174265902144114,0.3616226399595813,0.13174265902144114
817546DC-1A01-4DC4-B176-5088422D0881,1,0.7039422544318312,0.14098602814007977,0.23110895732359812,0.14098602814007977
817546DC-1A01-4DC4-B176-5088422D0881,3,0.6697055710077994,0.13190439333864215,0.25837103638077497,0.13190439333864215
817546DC-1A01-4DC4-B176-5088422D0881,5,0.3486908295594341,0.12825686117644464,0.27849689931921334,0.12825686117644464
817546DC-1A01-4DC4-B176-5088422D0881,7,0.3493984553543773,0.12652422584040224,0.276874121073205,0.12652422584040224
817546DC-1A01-4DC4-B176-5088422D0881,11,0.46228283992351427,0.13021243737324423,0.28902414657888564,0.13021243737324423
817546DC-1A01-4DC4-B176-5088422D0881,21,0.42086560702651393,0.11904460725580988,0.2574666482325074,0.11904460725580988
18EB1FF2-3858-44CB-ABD9-88882333C097,1,0.681119966557143,0.11868492295736713,0.26258752383757966,0.11868492295736713
18EB1FF2-3858-44CB-ABD9-88882333C097,3,0.468215094509629,0.11262485529830163,0.26479854201753406,0.11262485529830163
18EB1FF2-3858-44CB-ABD9-88882333C097,5,0.5392030109133097,0.11177480375943284,0.26149433105159464,0.11177480375943284
18EB1FF2-3858-44CB-ABD9-88882333C097,7,0.5291706398352534,0.11326249314618442,0.2252219414562468,0.11326249314618442
18EB1FF2-3858-44CB-ABD9-88882333C097,11,0.38084132384698827,0.11914878025704657,0.2614653211187641,0.11914878025704657
18EB1FF2-3858-44CB-ABD9-88882333C097,21,0.3790310520505776,0.11960338436442008,0.30835882392423125,0.11960338436442008
67D85A83-C9EE-48BC-8027-C177BFACC85B,1,0.7641614456582394,0.12458713288223165,0.2705743643825461,0.12458713288223165
67D85A83-C9EE-48BC-8027-C177BFACC85B,3,0.49240812428304803,0.11842679929432313,0.2924073589779058,0.11842679929432313
67D85A83-C9EE-48BC-8027-C177BFACC85B,5,0.452283111700218,0.1243955208394031,0.3428489724586933,0.1243955208394031
67D85A83-C9EE-48BC-8027-C177BFACC85B,7,0.3079214160197452,0.12714406738788486,0.34974333284240355,0.12714406738788486
67D85A83-C9EE-48BC-8027-C177BFACC85B,11,0.35638056769521703,0.12991424185092476,0.2854690391996054,0.12991424185092476
67D85A83-C9EE-48BC-8027-C177BFACC85B,21,0.38592728546725447,0.15068193918129874,0.30270055037918264,0.15068193918129874
C86AFC66-CA2A-40F6-A863-88C8BCD80634,1,0.7584429977889374,0.1209191888339232,0.24136590124589147,0.1209191888339232
C86AFC66-CA2A-40F6-A863-88C8BCD80634,3,0.39191377503919683,0.11252465591449168,0.23591836217560264,0.11252465591449168
C86AFC66-CA2A-40F6-A863-88C8BCD80634,5,0.3330471051599578,0.11511174376739487,0.26014785287913794,0.11511174376739487
C86AFC66-CA2A-40F6-A863-88C8BCD80634,7,0.2986014161751057,0.11543343849269391,0.26644465077445595,0.11543343849269391
C86AFC66-CA2A-40F6-A863-88C8BCD80634,11,0.3170342078433761,0.12027988695401169,0.26086833170827506,0.12027988695401169
C86AFC66-CA2A-40F6-A863-88C8BCD80634,21,0.4409368000490355,0.1277966776039107,0.29579950852541825,0.1277966776039107
99AE4568-FD23-4A96-BD6C-CD9B9FB2C24A,1,0.7045325938760181,0.13271530665123213,0.276598543961843,0.13271530665123213
99AE4568-FD23-4A96-BD6C-CD9B9FB2C24A,3,0.41009930444336856,0.12566648982542375,0.3156202763944511,0.12566648982542375
99AE4568-FD23-4A96-BD6C-CD9B9FB2C24A,5,0.39407301799828653,0.12484905118334948,0.3607079862802648,0.12484905118334948
99AE4568-FD23-4A96-BD6C-CD9B9FB2C24A,7,0.4416211395851141,0.12768339516803798,0.37172454264530697,0.12768339516803798
99AE4568-FD23-4A96-BD6C-CD9B9FB2C24A,11,0.42163300614102167,0.12799079232674473,0.35621172674034807,0.12799079232674473
99AE4568-FD23-4A96-BD6C-CD9B9FB2C24A,21,0.31520311766270204,0.13606532365235027,0.42301658027630995,0.13606532365235027
7D8A6360-C9E9-487B-A344-42B5F9E41CF7,1,0.7959031784352094,0.11482612312664008,0.2877052103178392,0.11482612312664008
7D8A6360-C9E9-487B-A344-42B5F9E41CF7,3,0.3948765642435148,0.11776589778923881,0.2696009363752427,0.11776589778923881
7D8A6360-C9E9-487B-A344-42B5F9E41CF7,5,0.29492499571191716,0.11273993309639421,0.28615427660279086,0.11273993309639421
7D8A6360-C9E9-487B-A344-42B5F9E41CF7,7,0.30334854713082055,0.1127938713143369,0.279329883586249,0.1127938713143369
7D8A6360-C9E9-487B-A344-42B5F9E41CF7,11,0.3203794300865456,0.10875762047514094,0.27094927463416046,0.10875762047514094
7D8A6360-C9E9-487B-A344-42B5F9E41CF7,21,0.4388576390403014,0.10543108249197085,0.2909852443756512,0.10543108249197085
35C59B5F-116D-4F25-A83A-5C89B86C072D,1,0.4638883428724155,0.1228648040421265,0.2743371609056402,0.1228648040421265
35C59B5F-116D-4F25-A83A-5C89B86C072D,3,0.34740705755166246,0.12860093987083696,0.3179754304005582,0.12860093987083696
35C59B5F-116D-4F25-A83A-5C89B86C072D,5,0.3656133192038781,0.1268530506177679,0.34606248454936767,0.1268530506177679
35C59B5F-116D-4F25-A83A-5C89B86C072D,7,0.4072713800362281,0.12633185611725792,0.3470232200684058,0.12633185611725792
35C59B5F-116D-4F25-A83A-5C89B86C072D,11,0.3616012854740179,0.11988229437850409,0.31471111461203616,0.11988229437850409
35C59B5F-116D-4F25-A83A-5C89B86C072D,21,0.3236854100426972,0.12532852935151376,0.3460408015836114,0.12532852935151376
9BA67779-50C2-483B-8E81-916125D5D3F7,1,0.884255627614542,0.1166653315607712,0.27676413285119,0.1166653315607712
9BA67779-50C2-483B-8E81-916125D5D3F7,3,0.4168678417343363,0.10939787211581574,0.2711224632637358,0.10939787211581574
9BA67779-50C2-483B-8E81-916125D5D3F7,5,0.37649744353316594,0.10592545960323231,0.282031383459222,0.10592545960323231
9BA67779-50C2-483B-8E81-916125D5D3F7,7,0.45955066230089436,0.11228541763638462,0.2997888626660694,0.11228541763638462
9BA67779-50C2-483B-8E81-916125D5D3F7,11,0.37998887216015786,0.1088127371177846,0.3157224455283458,0.1088127371177846
9BA67779-50C2-483B-8E81-916125D5D3F7,21,0.38380363239731785,0.11282538645099231,0.306933506993914,0.11282538645099231
4375042E-CC33-4B09-A79B-F30D8C0136D9,1,0.8048153596229031,0.12754565592671552,0.29916773455908086,0.12754565592671552
4375042E-CC33-4B09-A79B-F30D8C0136D9,3,0.42961770993934123,0.12676299840677516,0.33952403672165,0.12676299840677516
4375042E-CC33-4B09-A79B-F30D8C0136D9,5,0.38557966722810616,0.12691164366246968,0.33222778464603353,0.12691164366246968
4375042E-CC33-4B09-A79B-F30D8C0136D9,7,0.3424392875701889,0.12678498336170388,0.3983057550320005,0.12678498336170388
4375042E-CC33-4B09-A79B-F30D8C0136D9,11,0.3273733119985512,0.1487755556300171,0.36327898471101705,0.1487755556300171
4375042E-CC33-4B09-A79B-F30D8C0136D9,21,0.45068638373754477,0.14382237824032892,0.39916282963868643,0.14382237824032892
6FC13FEC-D6E7-4F53-9C10-A3FBAE064A71,1,0.781764244857007,0.11332919942415373,0.2130223633105891,0.11332919942415373
6FC13FEC-D6E7-4F53-9C10-A3FBAE064A71,3,0.4416108402217056,0.1135142875896379,0.274191999069476,0.1135142875896379
6FC13FEC-D6E7-4F53-9C10-A3FBAE064A71,5,0.37850719280898554,0.11795621502564876,0.32053377574890174,0.11795621502564876
6FC13FEC-D6E7-4F53-9C10-A3FBAE064A71,7,0.36225714207827664,0.1146022472312222,0.3564629086521516,0.1146022472312222
6FC13FEC-D6E7-4F53-9C10-A3FBAE064A71,11,0.33443151333034177,0.11697140382833167,0.41594142679491175,0.11697140382833167
6FC13FEC-D6E7-4F53-9C10-A3FBAE064A71,21,0.3544579870155083,0.1359753127004393,0.38629308679333907,0.1359753127004393
450053F2-5F0A-4CFE-8A08-92CC201A07B9,1,0.781686057113289,0.12292780928473813,0.3003623767298239,0.12292780928473813
450053F2-5F0A-4CFE-8A08-92CC201A07B9,3,0.35642433865923984,0.11338824440184923,0.3145696513011011,0.11338824440184923
450053F2-5F0A-4CFE-8A08-92CC201A07B9,5,0.2962436768057998,0.1080121166440242,0.3155324320726048,0.1080121166440242
450053F2-5F0A-4CFE-8A08-92CC201A07B9,7,0.35938954257142997,0.10924284282784696,0.325643436781915,0.10924284282784696
450053F2-5F0A-4CFE-8A08-92CC201A07B9,11,0.4073486768194105,0.12346069174873897,0.33687441522480605,0.12346069174873897
450053F2-5F0A-4CFE-8A08-92CC201A07B9,21,0.4197620249571215,0.12717762815858957,0.3592966078342223,0.12717762815858957
4DB6BD40-F4FD-4E81-BACE-8E0FA5776347,1,0.8156102918770799,0.132846765388128,0.30996775446410285,0.132846765388128
4DB6BD40-F4FD-4E81-BACE-8E0FA5776347,3,0.2720290713826585,0.12190061990180114,0.29680245613502776,0.12190061990180114
4DB6BD40-F4FD-4E81-BACE-8E0FA5776347,5,0.3562423227980845,0.12412288400587926,0.30099529319897844,0.12412288400587926
4DB6BD40-F4FD-4E81-BACE-8E0FA5776347,7,0.3436032500608654,0.12525966804348748,0.3087342872888461,0.12525966804348748
4DB6BD40-F4FD-4E81-BACE-8E0FA5776347,11,0.32039872179540013,0.1354741613088806,0.34958882751811093,0.1354741613088806
4DB6BD40-F4FD-4E81-BACE-8E0FA5776347,21,0.41191365124442925,0.13153044944281436,0.32472345132214864,0.13153044944281436
B4060B8D-C6B6-4A6F-A1E3-8D16E7FAE7E1,1,0.8535171783391716,0.13056193253231566,0.27498702016306875,0.13056193253231566
B4060B8D-C6B6-4A6F-A1E3-8D16E7FAE7E1,3,0.7702422586320918,0.11929689133633113,0.27594999923590696,0.11929689133633113
B4060B8D-C6B6-4A6F-A1E3-8D16E7FAE7E1,5,0.4617566921658159,0.11451709294609955,0.2900254558321169,0.11451709294609955
B4060B8D-C6B6-4A6F-A1E3-8D16E7FAE7E1,7,0.24533033863560139,0.11104338495388275,0.37285470031023965,0.11104338495388275
B4060B8D-C6B6-4A6F-A1E3-8D16E7FAE7E1,11,0.37034909022625706,0.112685361285854,0.3789457859329082,0.112685361285854
B4060B8D-C6B6-4A6F-A1E3-8D16E7FAE7E1,21,0.33645473460543074,0.12333527395286052,0.3937216690688072,0.12333527395286052
2C47C9E7-50F8-46AB-A198-BCEBCE6E5EF9,1,0.861623779587106,0.12579014904844918,0.2444897127586414,0.12579014904844918
2C47C9E7-50F8-46AB-A198-BCEBCE6E5EF9,3,0.6861744572240903,0.1255448568673774,0.299652836643648,0.1255448568673774
2C47C9E7-50F8-46AB-A198-BCEBCE6E5EF9,5,0.5282786608889277,0.12312339662317534,0.2843554791891993,0.12312339662317534
2C47C9E7-50F8-46AB-A198-BCEBCE6E5EF9,7,0.3985584320115957,0.12727435402763504,0.33525881377612765,0.12727435402763504
2C47C9E7-50F8-46AB-A198-BCEBCE6E5EF9,11,0.33754004034157264,0.12970185589246427,0.29139313033468256,0.12970185589246427
2C47C9E7-50F8-46AB-A198-BCEBCE6E5EF9,21,0.4069789099744908,0.12911328481910697,0.24394108371460832,0.12911328481910697
7AE44CBF-F18D-4F02-AE72-4A461CA7EE4B,1,0.5848013037932336,0.10673998234750677,0.2102396911366221,0.10673998234750677
7AE44CBF-F18D-4F02-AE72-4A461CA7EE4B,3,0.2592735633825594,0.09988749013465345,0.21290599685731953,0.09988749013465345
7AE44CBF-F18D-4F02-AE72-4A461CA7EE4B,5,0.2846218934690955,0.10997713355149079,0.298508736488992,0.10997713355149079
7AE44CBF-F18D-4F02-AE72-4A461CA7EE4B,7,0.29625762366972613,0.11153343006858103,0.27995513096736013,0.11153343006858103
7AE44CBF-F18D-4F02-AE72-4A461CA7EE4B,11,0.3694830720201916,0.12450407599925234,0.24988659894320775,0.12450407599925234
7AE44CBF-F18D-4F02-AE72-4A461CA7EE4B,21,0.2392350064713348,0.13672247764231873,0.3739749984148202,0.13672247764231873
5253FF49-DF1D-4A5B-89C7-9BD3778BEA34,1,0.8072056157659238,0.12213133777491299,0.24076564344575174,0.12213133777491299
5253FF49-DF1D-4A5B-89C7-9BD3778BEA34,3,0.4066274594235066,0.1185631692910561,0.29462700984694,0.1185631692910561
5253FF49-DF1D-4A5B-89C7-9BD3778BEA34,5,0.309872461755311,0.11476855982505528,0.2884152944774629,0.11476855982505528
5253FF49-DF1D-4A5B-89C7-9BD3778BEA34,7,0.38744342928367226,0.11337127907738812,0.2833689288767084,0.11337127907738812
5253FF49-DF1D-4A5B-89C7-9BD3778BEA34,11,0.3943070766692937,0.11623580897920835,0.25153148065825615,0.11623580897920835
5253FF49-DF1D-4A5B-89C7-9BD3778BEA34,21,0.33596279602199497,0.10743530028968351,0.25051376870884534,0.10743530028968351
28472727-0DDE-42F7-969C-738847AC62A8,1,0.5928087478875835,0.11574352899022948,0.26000732718929265,0.11574352899022948
28472727-0DDE-42F7-969C-738847AC62A8,3,0.4816642873829271,0.12119293660614583,0.2795962141020527,0.12119293660614583
28472727-0DDE-42F7-969C-738847AC62A8,5,0.3417611272677604,0.11861438099069666,0.26403677194287134,0.11861438099069666
28472727-0DDE-42F7-969C-738847AC62A8,7,0.42256269375093763,0.12250639004282267,0.3033626987762694,0.12250639004282267
28472727-0DDE-42F7-969C-738847AC62A8,11,0.30067414023868727,0.12358874351538081,0.29163157889225644,0.12358874351538081
28472727-0DDE-42F7-969C-738847AC62A8,21,0.3426709812990802,0.11993573284362542,0.3055243562830117,0.11993573284362542
A301F8F3-9FEE-4ED9-9AB5-A91FD27B3498,1,0.8039483840759518,0.12148284426819204,0.2621158082741647,0.12148284426819204
A301F8F3-9FEE-4ED9-9AB5-A91FD27B3498,3,0.33098230061528233,0.10970201393610876,0.25979417171854147,0.10970201393610876
A301F8F3-9FEE-4ED9-9AB5-A91FD27B3498,5,0.35988209601368154,0.1183284638621864,0.2863717710083181,0.1183284638621864
A301F8F3-9FEE-4ED9-9AB5-A91FD27B3498,7,0.33783557147349025,0.11550210693702463,0.2683590498071098,0.11550210693702463
A301F8F3-9FEE-4ED9-9AB5-A91FD27B3498,11,0.2947658066751535,0.11467474386213042,0.2990422432263945,0.11467474386213042
A301F8F3-9FEE-4ED9-9AB5-A91FD27B3498,21,0.446106126780272,0.12011431680143493,0.32467302330856973,0.12011431680143493
7AC91175-877C-44DF-95A6-65C02484EB90,1,0.8269375560991247,0.13430337687155314,0.27289971424048687,0.13430337687155314
7AC91175-877C-44DF-95A6-65C02484EB90,3,0.4104918500280549,0.12344032595716445,0.2553832815853884,0.12344032595716445
7AC91175-877C-44DF-95A6-65C02484EB90,5,0.3013148724045814,0.12090922208048656,0.2479434421591976,0.12090922208048656
7AC91175-877C-44DF-95A6-65C02484EB90,7,0.37640806479618333,0.11757800341412931,0.251633679656506,0.11757800341412931
7AC91175-877C-44DF-95A6-65C02484EB90,11,0.4108670546784761,0.12710402272896346,0.3193958981258758,0.12710402272896346
7AC91175-877C-44DF-95A6-65C02484EB90,21,0.3980491267479683,0.13138006609810463,0.32050318440994197,0.13138006609810463
C9E7B1C9-5DFF-45D3-8766-0C8271FD293E,1,0.8309385802614456,0.11761863561469746,0.2579816097778125,0.11761863561469746
C9E7B1C9-5DFF-45D3-8766-0C8271FD293E,3,0.5877632064472169,0.11024020507774687,0.2539512786950062,0.11024020507774687
C9E7B1C9-5DFF-45D3-8766-0C8271FD293E,5,0.34321250937207065,0.11179776553371282,0.2783582822057858,0.11179776553371282
C9E7B1C9-5DFF-45D3-8766-0C8271FD293E,7,0.3970391358481653,0.10849467434418081,0.2604340806282965,0.10849467434418081
C9E7B1C9-5DFF-45D3-8766-0C8271FD293E,11,0.3558774475051715,0.10594383389855148,0.2913500255947697,0.10594383389855148
C9E7B1C9-5DFF-45D3-8766-0C8271FD293E,21,0.38981684911921766,0.11312986057901432,0.2654604654206956,0.11312986057901432
51371244-76F0-4B8A-8761-045568CDB857,1,0.9277154004305059,0.11633115544980653,0.2996444796514184,0.11633115544980653
51371244-76F0-4B8A-8761-045568CDB857,3,0.3153974538531613,0.10303554093455065,0.29005236013113533,0.10303554093455065
51371244-76F0-4B8A-8761-045568CDB857,5,0.38990596495109714,0.09866495771397546,0.24375014705017697,0.09866495771397546
51371244-76F0-4B8A-8761-045568CDB857,7,0.29392476948313506,0.10603753483700601,0.2292632530689394,0.10603753483700601
51371244-76F0-4B8A-8761-045568CDB857,11,0.2971423576589713,0.10269809197090767,0.20810547119032757,0.10269809197090767
51371244-76F0-4B8A-8761-045568CDB857,21,0.3254509350728129,0.1107718640793935,0.23135891326072655,0.1107718640793935
CF495EE9-9215-4F80-BCA3-75C8AAAC4E5D,1,0.7566514219890165,0.11804336275257712,0.2932221968788139,0.11804336275257712
CF495EE9-9215-4F80-BCA3-75C8AAAC4E5D,3,0.33140310337365925,0.1106798078562402,0.2429251997657692,0.1106798078562402
CF495EE9-9215-4F80-BCA3-75C8AAAC4E5D,5,0.42028874356757234,0.11585888199196379,0.2596545419279347,0.11585888199196379
CF495EE9-9215-4F80-BCA3-75C8AAAC4E5D,7,0.3216047807126784,0.11738207451324899,0.2589802005370022,0.11738207451324899
CF495EE9-9215-4F80-BCA3-75C8AAAC4E5D,11,0.3964720538560616,0.11048597758568071,0.23546220015269462,0.11048597758568071
CF495EE9-9215-4F80-BCA3-75C8AAAC4E5D,21,0.3886644675273884,0.10883767859705912,0.26751675728905305,0.10883767859705912
557F26C2-8865-45D8-B4E9-F79F91370B05,1,0.881815947996409,0.12446799829740385,0.2557956565201594,0.12446799829740385
557F26C2-8865-45D8-B4E9-F79F91370B05,3,0.3347604927917107,0.11638458488645,0.2575014918592724,0.11638458488645
557F26C2-8865-45D8-B4E9-F79F91370B05,5,0.45113750087882243,0.1180573382000895,0.26006129654526344,0.1180573382000895
557F26C2-8865-45D8-B4E9-F79F91370B05,7,0.30361636030751443,0.12165554550837983,0.27920609552122705,0.12165554550837983
557F26C2-8865-45D8-B4E9-F79F91370B05,11,0.27236541591783214,0.11746374095720259,0.30539402839089524,0.11746374095720259
557F26C2-8865-45D8-B4E9-F79F91370B05,21,0.30651103860557183,0.12587590899335813,0.35859659980899633,0.12587590899335813
BBC02C68-2E2E-4EC8-9600-5ACDA57F62CE,1,0.8359959598889629,0.11358148016147948,0.27345829213914397,0.11358148016147948
BBC02C68-2E2E-4EC8-9600-5ACDA57F62CE,3,0.3716643858068355,0.11238184645127074,0.3224891512611342,0.11238184645127074
BBC02C68-2E2E-4EC8-9600-5ACDA57F62CE,5,0.32579791089294374,0.11512787030355487,0.33464861293833337,0.11512787030355487
BBC02C68-2E2E-4EC8-9600-5ACDA57F62CE,7,0.27798232674462936,0.11609565858150621,0.35856128764414313,0.11609565858150621
BBC02C68-2E2E-4EC8-9600-5ACDA57F62CE,11,0.351967336805134,0.10973377763122553,0.3633958313447275,0.10973377763122553
BBC02C68-2E2E-4EC8-9600-5ACDA57F62CE,21,0.377735134986043,0.11100762472996992,0.3622494055527312,0.11100762472996992
8644247A-62F5-4C01-9A7A-4750627D01FC,1,0.7897200031557084,0.11994568986012429,0.3088136111012114,0.11994568986012429
8644247A-62F5-4C01-9A7A-4750627D01FC,3,0.4433383143076244,0.12026407499532278,0.28712585731716606,0.12026407499532278
8644247A-62F5-4C01-9A7A-4750627D01FC,5,0.4877078057602222,0.12686849448754767,0.2677884382578256,0.12686849448754767
8644247A-62F5-4C01-9A7A-4750627D01FC,7,0.31052005283617956,0.12582366055919794,0.28329781755710703,0.12582366055919794
8644247A-62F5-4C01-9A7A-4750627D01FC,11,0.31618679275991635,0.11279460419714017,0.3121354766409765,0.11279460419714017
8644247A-62F5-4C01-9A7A-4750627D01FC,21,0.36575902660438564,0.11360047033197361,0.32588409574621247,0.11360047033197361
BC02B099-5A4C-44E0-BF2B-081856396984,1,0.8901217721429044,0.12214764863373397,0.31072787044828076,0.12214764863373397
BC02B099-5A4C-44E0-BF2B-081856396984,3,0.34542084957210323,0.1097713076982503,0.2998600341762725,0.1097713076982503
BC02B099-5A4C-44E0-BF2B-081856396984,5,0.3730361226192911,0.11037129385844328,0.29256761401506565,0.11037129385844328
BC02B099-5A4C-44E0-BF2B-081856396984,7,0.3976912005764111,0.11590460002340683,0.27952059253000144,0.11590460002340683
BC02B099-5A4C-44E0-BF2B-081856396984,11,0.3497657343296019,0.11714664080401033,0.22792318531696742,0.11714664080401033
BC02B099-5A4C-44E0-BF2B-081856396984,21,0.33880263658728066,0.11781577435236311,0.270104062674352,0.11781577435236311
E0E1B878-946C-41C2-9D9C-3EE9D1AD30C0,1,0.6794934240098035,0.13559813555178146,0.26006624147299995,0.13559813555178146
E0E1B878-946C-41C2-9D9C-3EE9D1AD30C0,3,0.36815889506138294,0.13029659650828135,0.21711373115652233,0.13029659650828135
E0E1B878-946C-41C2-9D9C-3EE9D1AD30C0,5,0.31408256513983723,0.12739602208551884,0.2402419096297156,0.12739602208551884
E0E1B878-946C-41C2-9D9C-3EE9D1AD30C0,7,0.3053255293946967,0.12688458157797333,0.26058715963820045,0.12688458157797333
E0E1B878-946C-41C2-9D9C-3EE9D1AD30C0,11,0.2927158839454272,0.1248154940359965,0.23032991672460254,0.1248154940359965
E0E1B878-946C-41C2-9D9C-3EE9D1AD30C0,21,0.5041999937481907,0.12499930620991734,0.26849395392669395,0.12499930620991734
19B63E48-975D-4E5F-88C1-3E3B733A5573,1,0.9120185445771385,0.11572904596309071,0.2208991590804245,0.11572904596309071
19B63E48-975D-4E5F-88C1-3E3B733A5573,3,0.502980692510232,0.11169982728430905,0.2139942117208513,0.11169982728430905
19B63E48-975D-4E5F-88C1-3E3B733A5573,5,0.28040671778175064,0.11397950980384138,0.20352983023860607,0.11397950980384138
19B63E48-975D-4E5F-88C1-3E3B733A5573,7,0.38910887655305565,0.12110952462920212,0.24505319800525144,0.12110952462920212
19B63E48-975D-4E5F-88C1-3E3B733A5573,11,0.38969752066730196,0.12121770866272938,0.21232454693129987,0.12121770866272938
19B63E48-975D-4E5F-88C1-3E3B733A5573,21,0.3286599901474571,0.12270577203269564,0.23681684372358253,0.12270577203269564
CDCD13D1-5ACF-4E14-AA56-9839D4148E16,1,0.8431655653708163,0.10438931039876394,0.32250192559306634,0.10438931039876394
CDCD13D1-5ACF-4E14-AA56-9839D4148E16,3,0.33141680811981283,0.09851464441818349,0.3277026275703186,0.09851464441818349
CDCD13D1-5ACF-4E14-AA56-9839D4148E16,5,0.39180944339879664,0.09554460368984014,0.31275468555447977,0.09554460368984014
CDCD13D1-5ACF-4E14-AA56-9839D4148E16,7,0.26710051520128153,0.09590646519524072,0.3146403188505995,0.09590646519524072
CDCD13D1-5ACF-4E14-AA56-9839D4148E16,11,0.26179841599719206,0.1060656514523545,0.26521761237097197,0.1060656514523545
CDCD13D1-5ACF-4E14-AA56-9839D4148E16,21,0.4422633721379259,0.10367582611724023,0.22130513979197397,0.10367582611724023
BBABBB85-36CE-495E-9355-04980145FCF3,1,0.8022856196877646,0.12414119825192321,0.2442006803954077,0.12414119825192321
BBABBB85-36CE-495E-9355-04980145FCF3,3,0.36442619687311767,0.127900254897253,0.32365750033111895,0.127900254897253
BBABBB85-36CE-495E-9355-04980145FCF3,5,0.3964666876377798,0.12242450738707697,0.26896646012176395,0.12242450738707697
BBABBB85-36CE-495E-9355-04980145FCF3,7,0.3139423698135153,0.12308600583632873,0.26450927849625155,0.12308600583632873
BBABBB85-36CE-495E-9355-04980145FCF3,11,0.3319921215480257,0.12460415582854673,0.23084955469741708,0.12460415582854673
BBABBB85-36CE-495E-9355-04980145FCF3,21,0.48602697237036097,0.11488116234138607,0.22164678476259297,0.11488116234138607